ds,yhat,yhat_lower,yhat_upper
2017-06-07,1767.2217238424798,1467.197201902451,2019.5743073670128
2017-06-08,1768.3891370638173,1479.5439291583637,2029.3762628015572
2017-06-09,1776.284297678437,1506.8236213758626,2046.8431002507434
2017-06-12,1791.069346480428,1502.1911792362555,2069.748370581772
2017-06-16,1813.4930584765757,1524.250063318654,2107.7712380692537
2017-06-19,1830.2712347451309,1548.4247781487622,2100.179588572872
2017-06-22,1841.5327968341387,1550.8635293138364,2126.1126257847195
2018-03-21,1804.5488145907373,1516.579296241182,2065.2055462955254
2018-03-22,1797.9253160435906,1527.1245282813845,2073.921709375211
2018-03-23,1797.5641004374902,1508.1039176328836,2085.9641379080535
2018-03-26,1785.8139659204514,1491.6218160504789,2065.7049540507664
2018-03-27,1780.3619220214484,1505.3660888682255,2070.4882615731126
2018-03-28,1778.005847567979,1501.6571894598962,2041.387000994903
2018-04-02,1767.0856693114952,1494.6444219816944,2027.1343891789377
2018-04-03,1764.2774274357764,1484.2119282467884,2034.6929679443085
2018-04-04,1764.808939516135,1485.2630125308458,2043.9531050495384
2018-04-05,1761.9654115054843,1478.6394196533236,2033.6786660076593
2018-04-06,1765.9665835556214,1483.981089192737,2040.9982260864645
2018-04-09,1769.8417412056058,1491.4050693872498,2044.0835396382665
2018-04-11,1773.5086901832633,1496.380544651539,2053.886135866292
2018-04-12,1773.3204838661559,1493.571982824039,2062.1381390532915
2018-04-13,1779.7059230246937,1482.094848472213,2055.1716148026285
2018-04-16,1788.774964083981,1490.9703529890405,2060.3808077889043
2018-04-17,1790.0324073927673,1505.6525310084915,2059.61421832566
2018-04-18,1794.0709488636198,1525.5523279502931,2079.497657924628
2018-04-19,1794.1273899790958,1513.9864625070402,2077.406264527595
2018-04-20,1800.3862521360318,1536.3254047641342,2082.4078153527266
2018-04-24,1806.883862430771,1530.047348990454,2101.6665642177277
2018-04-27,1811.7282166703326,1532.0427636277418,2100.683303546055
2018-04-30,1811.7347436072544,1532.2462049747521,2093.7124017429687
2018-05-02,1809.4494328159105,1531.9796442257266,2085.1909471375525
2018-05-03,1805.4610432509567,1541.4489875992494,2084.2550431480418
2018-05-04,1807.5967949732249,1537.6390771198292,2093.404731416188
2018-05-07,1802.030795178554,1539.2069641574444,2082.7599656356365
2018-05-08,1798.0558763820695,1508.222675263032,2086.511388705807
2018-05-09,1796.819151587202,1515.3387147268036,2073.6283049840868
2018-05-10,1791.6331397444587,1513.824047585731,2082.4909036420368
2018-05-11,1792.7533738161992,1516.5846453237777,2070.8587133305214
2018-05-14,1785.2269300703454,1500.4280388163277,2054.0614466361194
2018-05-15,1780.9494992503835,1497.8778293878906,2094.18847920692
2018-05-16,1779.5775152186736,1507.498354989857,2046.5147516280422
2018-05-17,1774.4179442078178,1506.257894960654,2055.0963428458317
2018-05-18,1775.7209538535897,1499.0836584004242,2046.650102047141
2018-05-21,1769.6366978761419,1503.068121874271,2057.9772273430976
2018-05-22,1766.1278590527836,1474.0827053395544,2034.1658332498182
2018-05-23,1765.6659622030031,1485.8028528048217,2031.844011495473
2018-05-24,1761.5579861925808,1478.4808449234265,2044.1049203479163
2018-05-25,1764.0548574491638,1479.956506302162,2037.4284814031198
2018-05-28,1762.4180862334354,1498.7204416281902,2036.0468859174541
2018-05-29,1760.6832734605641,1463.1630559031132,2032.372826622732
2018-05-30,1762.1404155135444,1479.7357215947106,2041.9915052976296
2018-05-31,1760.0936943707238,1470.6017049643954,2043.5284778292703
2018-06-01,1764.7889973084784,1489.7679579004468,2037.6849805177835
2018-06-04,1770.4775554949122,1484.2558064457457,2057.2766822171798
2018-06-05,1771.38024030591,1493.4969474067834,2036.9347258261553
2018-06-06,1775.5398208278816,1492.2946657154348,2047.821358362682
2018-06-07,1776.2350742908752,1506.5215150673864,2085.6090130898383
2018-06-08,1783.6828093563552,1486.6163982823025,2046.6370686450418
2018-06-13,1807.1181436405202,1520.8271333538441,2109.417638079049
2018-06-14,1809.8577477697543,1525.6788376176908,2091.895870430235
2018-06-15,1819.089203913775,1541.6669626869761,2102.0540915953493
2018-06-18,1836.157586450325,1561.8154434366293,2101.44481267711
2018-06-19,1839.8705184930932,1559.6273372011487,2118.6647827593033
2018-06-21,1849.291354873002,1561.4601733524328,2130.905337969009
2018-06-22,1857.9704029960058,1565.2650801503016,2150.9635472312602
2018-06-26,1871.990367230778,1602.8430611713204,2145.3715987524433
2018-06-27,1875.6069857442217,1592.1086955796732,2141.08039675257
2018-07-13,1841.1015114037693,1562.9421147901162,2116.1497565627033
2018-08-10,1908.7032714229224,1599.5457397558034,2195.496755964003
2018-08-14,1924.9982173561912,1654.1397805995957,2214.420292490604
2018-08-23,1932.0491715843596,1658.3182022184915,2236.962004809944
2018-09-03,1921.1800501124126,1660.3936247452953,2202.8181143843944
2018-09-04,1919.3970893243093,1649.66577844874,2198.692039768137
2018-09-05,1920.9041885771912,1636.9897761293198,2205.3488489485158
2018-09-07,1923.9500672441125,1643.3750706517594,2194.9780412696846
2018-09-10,1930.7890816445895,1662.1020729873474,2201.4605817679458
2018-09-11,1932.1264691180368,1668.5507599915413,2207.0878323398233
2018-09-12,1936.6910934623572,1662.0224280642592,2203.5748647229125
2018-09-14,1945.4010685633066,1642.091517783317,2225.0663548097195
2018-09-17,1958.7225373082742,1687.2867223001222,2231.4267854911186
2018-09-18,1961.4855719632494,1666.3015971174311,2234.225913308562
2018-09-19,1967.0458080470746,1695.1763215735143,2247.8386783738665
2018-09-20,1968.6184484187122,1680.0310083242725,2231.5065412801714
2018-09-21,1976.363900016057,1705.3244421720347,2251.0233244549036
2018-09-24,1987.0238399206469,1696.755002479129,2250.6826344496394
2018-09-25,1987.9786700428283,1697.7419344110115,2282.8057517461434
2018-09-26,1991.3088812898159,1705.1040309308519,2270.456759466558
2018-09-27,1990.2649525111362,1694.4010559772632,2284.078505037516
2018-09-28,1995.0497204080716,1721.8758292252992,2290.7507797041326
2018-09-29,2003.894043827375,1723.2688520178724,2278.749888284183
2018-10-01,1995.2768330708261,1709.0385553116446,2263.8015026538988
2018-10-02,1992.4314583838159,1730.4117913392336,2286.6304462999315
2018-10-03,1991.9050559973375,1732.3420507747912,2274.2122152951997
2018-10-04,1987.013249896704,1722.6672617128313,2280.506712064634
2018-10-05,1988.023830736387,1728.7836351739354,2271.9647128448373
2018-10-06,1993.2312304488973,1718.5124002928544,2272.29577290292
2018-10-08,1977.9924229534276,1700.3861360958979,2256.474987924591
2018-10-09,1972.2724128530688,1697.2218954021612,2243.9063067896627
2018-10-10,1969.2267052492216,1700.8116823202467,2257.87637682546
2018-10-11,1962.2113993133662,1673.4962337712977,2232.8055766648963
2018-10-12,1961.5274975670532,1695.2128224559135,2242.6574145702516
2018-10-13,1965.494773596425,1692.8360482591809,2224.5542862552034
2018-10-15,1949.1981862368727,1672.8460459880175,2240.8063829633147
2018-10-16,1943.6684521964935,1683.2201270554997,2223.8790993432517
2018-10-17,1941.283101153129,1667.0813641634536,2198.0274560998596
2018-10-18,1935.3803974734833,1657.930915803726,2204.71143549345
2018-10-20,1942.1334443596484,1670.924688586068,2223.5907300563695
2018-10-22,1930.7046797544372,1644.6640437475307,2197.7855165788665
2018-10-23,1928.0113858806303,1648.956730066486,2202.3765429779887
2018-10-24,1928.6557006762935,1639.0987525455412,2227.495176106417
2018-10-25,1925.9150065213432,1643.9714970768407,2219.575166407815
2018-10-26,1930.0010518085169,1655.5543745614784,2222.084446400428
2018-10-27,1939.135511412631,1662.1326533031297,2230.4089165360874
2018-10-29,1933.9397077182857,1635.9507168421408,2216.040806786161
2018-10-30,1934.1205889197429,1652.593703351897,2196.9258544807703
2018-10-31,1937.4013897035777,1647.8598307878774,2228.08294750891
2018-11-01,1937.008218030778,1670.6723882704653,2214.4235167457346
2018-11-02,1943.107447362494,1668.548000773885,2186.8361838394094
2018-11-03,1953.882173110903,1674.0741106809085,2213.908936096065
2018-11-05,1950.732290924451,1682.8510511406964,2213.3284121631355
2018-11-07,1954.4851398041883,1680.9833279349316,2240.1025060751513
2018-11-08,1953.572161974956,1669.455752854674,2253.8343845408035
2018-11-09,1958.7221073319433,1661.4272621144185,2236.043519820408
2018-11-10,1968.1396628362775,1692.7019168567224,2255.930928406272
2018-11-12,1961.179196476079,1698.0165358960453,2236.5972872940883
2018-11-13,1959.3576214987506,1675.6216009775103,2223.867667754101
2018-11-14,1959.9448716357106,1670.3535943711686,2239.020209630337
2018-11-15,1956.2266735614412,1654.4704951863807,2235.8900138208664
2018-11-16,1958.4419395038326,1676.615391286956,2243.235556544445
2018-11-17,1964.857759355521,1681.3194261874514,2240.2526706989725
2018-11-19,1951.9480478028556,1661.1030800433493,2239.025294728158
2018-11-20,1947.3056021124514,1662.802104288806,2224.9928975287576
2018-11-21,1945.2555822736151,1665.2775821081038,2230.410461360391
2018-11-22,1939.1401458795858,1631.729689261601,2218.89196404453
2018-11-23,1939.249696189185,1649.0460664272236,2211.3060203507043
2018-11-24,1943.8968022317729,1667.3287855227695,2220.2601472493548
2018-11-26,1928.6069881516742,1648.3238100502472,2188.6594726225526
2018-11-27,1923.406275624575,1654.8549050975748,2205.6715210387974
2018-11-28,1921.2401390884736,1637.6647391524805,2207.321017460174
2018-11-29,1915.4551160838241,1639.3827577269833,2188.7605109211627
2018-11-30,1916.3367903463604,1620.6205704406425,2216.6390262592718
2018-12-03,1910.4784806424354,1626.8704531504436,2191.578230546664
2018-12-04,1907.5929191191346,1613.3166499460194,2195.4136639458275
2018-12-05,1908.032541879396,1621.0242157890727,2208.0285811902636
2018-12-06,1905.0929783677145,1620.7704136625125,2186.516285596404
2018-12-07,1909.0042928781756,1620.1423789085488,2182.199751922192
2018-12-08,1918.0062376077606,1643.047032575415,2203.3399223822034
2018-12-10,1912.741483061498,1607.618960466566,2188.7196074227654
2018-12-11,1913.0184503163289,1640.0656317758935,2188.1709572998134
2018-12-12,1916.5021573167553,1642.7200757653568,2185.4585853651406
2018-12-13,1916.4318348818379,1630.2078332671733,2186.8111811035174
2018-12-14,1922.9854186604516,1643.6950004322678,2182.45256605182
2018-12-15,1934.3558749264846,1664.721877884763,2230.61763406356
2018-12-17,1932.8519415244266,1638.4145323535838,2189.185890720332
2018-12-18,1934.4620633505415,1661.6751456476259,2225.2463834466707
2018-12-19,1938.88791433784,1647.211911038912,2234.802421140128
2018-12-20,1939.3595074637494,1663.8267306233338,2215.7462662593703
2018-12-21,1946.0539870591074,1660.86427569188,2226.267811010391
2018-12-24,1954.0511080384688,1673.1618029526044,2235.6097742288657
2018-12-26,1957.1733719848883,1687.2610137709034,2227.259114163085
2018-12-27,1955.793087560436,1677.5304941995407,2243.7394343806845
2018-12-28,1960.4300082411648,1691.0266316640054,2250.4369475994417
2018-12-29,1969.3315028759057,1675.4581569736874,2247.036888432502
2018-12-31,1961.4958744350429,1677.148800554058,2240.333160541022
2019-01-01,1959.3922451007786,1679.612742133622,2250.6462329447195
2019-01-02,1959.8461448411012,1684.8359671342525,2255.299930141489
2019-01-03,1956.170668149635,1652.5668707523314,2221.34740418635
2019-01-04,1958.62581728655,1683.509169002917,2232.959900887222
2019-01-05,1965.4926898899537,1688.090471492979,2258.2557027905214
2019-01-07,1954.135579685417,1679.7726776001489,2251.0414490082208
2019-01-08,1950.5825144711866,1670.9296472165156,2237.1128583083155
2019-01-09,1949.808439073227,1660.0647293029156,2230.2995083070014
2019-01-10,1945.1285437659194,1677.0688580991286,2238.6539377736985
2019-01-11,1946.7984450743224,1681.524801664737,2217.7774566551298
2019-01-12,1953.0887453288042,1670.2011572024176,2228.9526009784477
2019-01-18,1934.1242189028417,1644.9977025986796,2206.0808804101216
2019-01-19,1940.6377756244322,1658.4646674053115,2212.8413533006938
2019-01-21,1929.0880421353054,1655.4469631168677,2197.503148384787
2019-01-22,1925.5963121865489,1646.6922859868405,2187.6012285094143
2019-01-23,1924.9225329593123,1641.29161295378,2197.745399323603
2019-01-24,1920.2584053041808,1627.84812493998,2195.0460456579463
2019-01-25,1921.8934434579548,1642.566391832306,2213.871527481121
2019-01-26,1928.0612398396838,1668.075543962082,2210.679192545692
2019-01-28,1915.4881547955233,1635.8137906773666,2202.884741861397
2019-01-29,1911.3375502633812,1609.596223182711,2191.0582584040944
2019-01-30,1909.928864979983,1614.9785807630133,2197.888523338924
2019-01-31,1904.5535877744069,1645.9845094735167,2192.3423352406307
2019-02-01,1905.4523745654865,1602.6339518575576,2175.5634738199565
2019-02-02,1910.8903428626309,1633.5567082950608,2197.3862590888148
2019-02-04,1897.016293808935,1619.45361289364,2179.691567530035
2019-02-05,1892.3677966848345,1617.255440592848,2201.396287496502
2019-02-06,1890.6118909975864,1597.3288274650304,2187.144518965248
2019-02-07,1885.075131792671,1609.6690066573121,2154.9083223640455
2019-02-08,1886.0305507604169,1589.3169187517606,2159.10287387198
2019-02-09,1891.7718544480188,1596.4903836968583,2147.5643585701223
2019-02-11,1879.3340117309206,1599.6614694043733,2149.6192382461677
2019-02-12,1875.8480404934644,1611.9069975282416,2159.8693127672086
2019-02-13,1875.559283449658,1588.6975216017572,2160.119779063582
2019-02-14,1871.6099253437924,1595.027990993305,2163.560471037995
2019-02-15,1874.4434560284612,1592.6876699150707,2146.3504509550335
2019-02-16,1882.3349015943322,1598.3406451619796,2140.6705024951743
2019-02-18,1874.900749988208,1577.7760036999905,2141.046966693273
2019-02-19,1874.1943177245087,1605.0293414908065,2133.5012519441498
2019-02-20,1876.8104393108642,1591.856462552076,2153.664779044208
2019-02-21,1876.021239474647,1618.3622891469217,2138.5418694407667
2019-02-22,1882.0335789840024,1581.3049404450596,2154.6647872705844
2019-02-23,1893.0644164938626,1625.999529751421,2173.0809403180047
2019-02-25,1891.5526764854405,1597.4266601359282,2167.243444171189
2019-02-26,1893.511408111255,1605.0241178356396,2168.6922087171893
2019-02-27,1898.520355426248,1625.0504238480985,2191.214006910795
2019-02-28,1899.8001556689833,1621.3603890149288,2177.169439206062
2019-03-01,1907.5115286651803,1637.0881850435092,2189.920973752266
2019-03-04,1919.5503669100062,1627.1925039113853,2179.2844627798445
2019-03-05,1921.4117877206454,1621.2284616689226,2208.549977190916
2019-03-06,1925.8386807630995,1688.517477949215,2236.1578270288387
2019-03-07,1926.056606845613,1663.0621549571358,2223.402375696801
2019-03-08,1932.241096202573,1645.5451259279043,2225.9044201592446
2019-03-11,1937.1999277994678,1660.9746181812752,2209.174707166976
2019-03-12,1935.8993780553867,1669.6730123813052,2217.072745179278
2019-03-13,1936.9070595993167,1646.5999096780781,2216.993597580288
2019-03-14,1933.511028795569,1632.5407593867258,2204.2958848153244
2019-03-15,1935.9535565049498,1661.9220205291317,2219.666722091934
2019-03-16,1942.5060449797402,1654.5128043275504,2232.3825745018557
2019-03-18,1929.6192691373872,1659.1803553516397,2205.514959301374
2019-03-19,1924.8754459435902,1645.3014727974603,2228.7596922610555
2019-03-20,1922.6578633571905,1653.9647633919824,2206.4238250560784
2019-03-21,1916.3158233581544,1620.9098468851844,2193.5925805085058
2019-03-22,1916.1469636893444,1646.3476459611236,2204.0043903742285
2019-03-25,1904.4285821717851,1609.5596107906083,2171.354265961705
2019-03-26,1898.811012646411,1610.055259370976,2162.398034629473
2019-03-27,1896.2085975954246,1612.3950509530694,2176.1321630088805
2019-03-28,1889.972830873681,1597.4541621585417,2168.7174528343294
2019-03-29,1890.3936093029863,1614.4148001212116,2172.2355044421856
2019-04-01,1883.1253476857555,1601.7818850608107,2159.650690751058
2019-04-02,1879.7690742298253,1594.2339623573268,2161.289162911662
2019-04-03,1879.7406322028473,1589.3674265810291,2169.83886806132
2019-04-04,1876.3263863363268,1588.2965609593732,2136.807626837656
2019-04-05,1879.7681079597548,1591.145336520738,2159.7501264725515
2019-04-08,1882.1381230494196,1603.8823787076851,2154.282375301192
2019-04-09,1881.9775474619205,1601.1824746580467,2158.160543491078
2019-04-10,1885.0355545053817,1606.0064107595163,2165.942036871034
2019-04-11,1884.553490620317,1621.3984920032115,2171.4407811219953
2019-04-12,1890.7117374502427,1616.6634286013818,2167.6149307624846
2019-04-15,1899.5193345762955,1644.2810785734155,2182.6166027056506
2019-04-16,1900.8292556445376,1643.945814319072,2177.2948792104453
2019-04-20,1922.6806406040746,1625.4740698350831,2171.072115173275
2019-04-22,1919.362385381992,1636.5821484030764,2210.109240523289
2019-04-23,1919.6208083607678,1652.8739335418584,2197.303787109545
2019-04-24,1922.4413766427033,1645.989974205911,2198.2148650496733
2019-04-25,1921.090984055133,1648.428455654866,2179.0084855959894
2019-04-26,1925.7861781182241,1638.0836680558537,2203.2512898629748
2019-04-27,1934.7682036144429,1653.696189454695,2217.5820129920753
2019-04-29,1927.1297987019657,1643.7864862765564,2205.902299875818
2019-04-30,1925.124924064789,1633.495623191114,2204.1855530532707
2019-05-02,1922.0506982263944,1628.7867514705338,2181.5818503061464
2019-05-03,1924.5332512251248,1649.9916225689904,2221.4461945018274
2019-05-06,1919.8198039127071,1650.2368261114204,2212.278625347027
2019-05-07,1916.062942005782,1649.6452460597664,2208.249855995618
2019-05-08,1915.0108652049107,1623.2634401428077,2199.28671039366
2019-05-09,1909.9765548377375,1625.9899021403203,2184.241952646324
2019-05-10,1911.216320795319,1632.9541209753672,2211.486975035496
2019-05-13,1903.8659095025553,1626.9755347810922,2175.4555295690434
2019-05-14,1899.5900439383104,1614.1275026743217,2190.921340462015
2019-05-15,1898.1927906325225,1602.4678201638424,2178.984960665625
2019-05-16,1892.9819271441436,1611.4111430464156,2176.090453080232
2019-05-17,1894.2082256859758,1594.6860737486509,2173.53036719459
2019-05-18,1900.1407880186741,1634.289415810092,2172.447132365615
2019-05-20,1887.7440068308701,1622.7348636757395,2181.135960662492
2019-05-21,1884.0584289386354,1606.765421561008,2156.5853082862113
2019-05-22,1883.394288026034,1613.2197447423148,2164.278348551632
2019-05-23,1879.0581710572458,1607.4497589540865,2147.9258127752955
2019-05-24,1881.3006414959812,1609.8945328802922,2167.586210975187
2019-05-27,1878.7418077581203,1609.0694900244189,2183.285673453439
2019-05-28,1876.6476924915496,1595.6553640543686,2155.629102061552
2019-05-29,1877.7211047141973,1616.8549095405747,2172.2860737960063
2019-05-30,1875.26795845229,1598.5644615864035,2140.13121600738
2019-05-31,1879.5365066229156,1613.5750711593603,2160.81286703339
2019-06-03,1883.8568791847204,1617.18109534859,2162.8656385214713
2019-06-04,1884.2891221691557,1608.67193258701,2183.182226536838
2019-06-05,1887.980269893436,1606.8092114211402,2174.623691021509
2019-06-06,1888.21556171514,1615.4595718247324,2139.183818485563
2019-06-07,1895.218786109693,1612.8340314760596,2168.7438803344576
2019-06-10,1907.7216320102234,1640.146578316465,2184.294884543127
2019-06-11,1910.7584327589645,1643.343444823759,2205.3225668051373
2019-06-12,1916.9283560736542,1641.9549054224283,2168.0488318069415
2019-06-13,1919.4754801502907,1648.5045556015605,2176.148396003084
2019-06-14,1928.5817750430776,1651.0433985537354,2224.1134847039434
2019-06-17,1945.7318625378914,1664.4354561591836,2230.9540328836224
2019-06-18,1949.6368740072428,1675.2513035273257,2231.7678217262887
2019-06-19,1956.2793355735917,1685.399431647219,2251.370170162547
2019-06-20,1958.877106507625,1689.2932840256433,2239.7630655798343
2019-06-21,1967.5917974722215,1694.4430951736597,2246.6747298284467
2019-06-22,1980.6051660879082,1691.014464250445,2226.054178443876
2019-06-24,1980.813424205937,1681.554398853072,2247.215035725292
2019-06-25,1982.4961934205114,1718.2110382613737,2252.7302511538714
2019-06-26,1986.4831693050558,1714.0692726635639,2269.339919152027
2019-06-27,1986.0187509838713,1710.7178058345269,2281.6058987093506
2019-06-28,1991.2993998741933,1729.2852773200352,2265.6801604500506
2019-07-01,1992.4524441749566,1684.3159897218368,2282.2115540606596
2019-07-02,1989.712587180789,1725.6638324705873,2266.7959242147845
2019-07-03,1989.185592123709,1741.7846212860463,2273.4086454325993
2019-07-04,1984.1871216877207,1710.3184630566736,2268.682758693185
2019-07-05,1984.9872510666669,1707.578912640634,2241.1099775125767
2019-07-06,1989.8851511595,1715.384869072457,2262.2630397194157
2019-07-08,1973.762195845909,1688.1593940165299,2259.302784450723
2019-07-09,1967.490180032828,1672.4932625207646,2244.164962683453
2019-07-10,1963.8386087919564,1685.0970528324885,2258.654271932491
2019-07-11,1956.1812021649766,1693.87556980562,2235.312012057159
2019-07-12,1954.838759818999,1680.1778823348143,2235.9994881859816
2019-07-13,1958.1527340716752,1676.0718787243331,2220.397306819579
2019-07-15,1940.6592232075518,1656.1830951350373,2213.8295977629323
2019-07-16,1934.6352397887476,1652.928855164911,2200.0828316699126
2019-07-17,1931.858723716144,1657.4027904800025,2224.0391098868995
2019-07-18,1925.6929588512053,1669.657227689176,2215.3413581717105
2019-07-19,1926.4371234119908,1650.7897386286886,2200.045561729966
2019-07-20,1932.4001732751994,1639.924852284327,2202.849312995164
2019-07-22,1921.7112731442244,1630.7937202653416,2193.2959222465606
2019-07-23,1919.7293107614212,1636.9985548155194,2215.200096015505
2019-07-24,1921.3323279862489,1639.449434659867,2202.246670499931
2019-07-26,1925.3781279332147,1648.8480011942722,2220.62894522028
2019-07-29,1935.3890373285315,1654.7820661154722,2216.580855636844
2019-07-30,1938.125303761478,1658.9696091143326,2226.308111127304
2019-07-31,1944.2135836580844,1663.552580680993,2226.316189578592
2019-08-01,1946.8667896414045,1642.045466703554,2216.4395560876183
2019-08-02,1956.234985061075,1689.82297003458,2236.8784244369713
2019-08-03,1970.4820934693157,1699.8726146453098,2258.69441792646
2019-08-05,1974.7980081243866,1694.026941063,2250.583064477438
2019-08-06,1979.2911118819675,1685.6645460596835,2256.959112497198
2019-08-07,1986.5424354467684,1700.020969278484,2270.5184461449826
2019-08-08,1989.753446020571,1714.2551583923603,2278.1962184970635
2019-08-09,1999.0741706524393,1712.8884692979077,2312.9125750114813
2019-08-13,2016.274958295986,1737.8589701022022,2307.9666587381566
2019-08-14,2020.8325714152177,1736.1702799704813,2314.370968363265
2019-08-16,2026.8842171380813,1742.2633061513357,2287.567347620195
2019-08-19,2030.4409882373006,1733.368400245579,2291.6104909984747
2019-08-20,2028.740341514614,1754.996197892649,2300.876019839135
2019-08-21,2029.4082657379658,1739.9802796992,2273.2089017788544
2019-08-22,2025.7796669356044,1740.8221623874904,2301.784505271107
2019-08-26,2022.8476745127418,1751.214736144456,2309.0916236646613
2019-08-27,2018.9791415974075,1767.1720753019238,2326.096117011906
2019-08-28,2017.9357310421985,1739.5535992903056,2291.4049619062353
2019-08-29,2013.0776658552018,1717.7279759777234,2282.543491254763
2019-08-30,2014.7066081806893,1740.6718748826872,2299.2001609742465
2019-09-03,2007.5435042412169,1731.6327768103117,2291.414472459959
2019-09-04,2008.1351726940861,1733.3444660850437,2291.0693741344267
2019-09-05,2005.2964184105804,1734.3956376073959,2298.480364472469
2019-09-06,2009.2803030668026,1729.0002744247415,2294.1036606705984
2019-09-07,2018.3488208214092,1728.2209214949291,2308.677548014654
2019-09-09,2013.281561943691,1748.1970359907225,2290.030104310266
2019-09-10,2013.725917362949,1755.028037444606,2295.2873683220914
2019-09-12,2017.683842745263,1746.5719647717044,2303.86503367454
2019-09-13,2024.634477312279,1763.7431511497111,2321.2242574752054
2019-09-16,2036.235646722747,1739.914547367057,2314.8372514060356
2019-09-17,2038.5948880866508,1755.19307471352,2305.5269503625896
2019-09-18,2043.8402384789783,1791.2063640458987,2290.1525510822653
2019-09-19,2045.1868515051012,1777.1148845957316,2316.896670126021
2019-09-20,2052.793415674055,1789.1252183751444,2351.8798731565375
2019-09-23,2063.5183494214607,1791.8906250185182,2341.9707677680963
2019-09-24,2064.6342808972677,1779.0339142316336,2336.7499734657063
2019-09-25,2068.181488699485,1794.899316900083,2349.3703984244808
2019-09-26,2067.4005202532,1787.3314060851294,2342.223658441569
2019-09-27,2072.483440147589,1771.0838327985684,2352.3149094036794
2019-09-30,2073.7000959452257,1808.7239744110877,2360.901707017985
2019-10-01,2071.1763006933547,1782.3645066077722,2364.859595455147
2019-10-03,2066.317924857941,1793.43414366694,2354.118428603988
2019-10-04,2067.5446659982917,1803.9852331328516,2361.4597292949197
2019-10-09,2048.8308698224873,1769.5027968926472,2346.911289692836
2019-10-10,2041.5891006740242,1753.7621588210243,2335.6703053779083
2019-10-11,2040.5899818686828,1757.1554779020664,2312.724612412379
2019-10-14,2026.7893777429108,1724.0508931075083,2325.495163182032
2019-10-15,2020.6043009554046,1754.6344459633267,2309.19951065115
2019-10-16,2017.4901063781008,1751.268341582557,2298.215227711576
2019-10-17,2010.7925137799218,1738.296540788997,2285.802591138322
2019-10-18,2010.7950681548743,1726.5037064182322,2304.3598816957906
2019-10-21,2002.4645292873147,1726.3375305337756,2288.467003553639
2019-10-22,1998.7940477223094,1727.550707775615,2283.575456830663
2019-10-23,1998.458849361186,1714.5726897318486,2288.5793423952714
2019-10-24,1994.7482099259585,1717.9236489619598,2283.798685983855
2019-10-25,1997.8855391679401,1719.8156164440804,2276.6060554700207
2019-10-29,1998.63522894979,1713.2010590623622,2270.082426226023
2019-10-30,2001.2250195706931,1710.5043517005215,2270.3875852681135
2019-10-31,2000.2153044382492,1733.8782694129652,2266.875759002058
2019-11-01,2005.7768976452637,1732.0661944648157,2278.527073407432
2019-11-04,2012.2824019074524,1716.4490284924202,2287.2857282407554
2019-11-05,2012.6217008966692,1743.698745250086,2295.3374868181836
2019-11-06,2015.6912261734676,1734.0772270073073,2290.9062641187365
2019-11-07,2014.7155528558076,1748.0043472360844,2296.5284611213083
2019-11-08,2019.8670652971725,1739.8036476213863,2307.4894971450303
2019-11-09,2029.3423059379866,1741.5497949256173,2313.499641984711
2019-11-11,2022.6273963328435,1746.4155023987732,2285.1554769823015
2019-11-12,2020.9723992601737,1737.8039644865169,2306.4046824371953
2019-11-13,2021.740191970175,1750.851355521004,2279.14109785346
2019-11-14,2018.2046453089754,1750.0529638970866,2289.692705499091
2019-11-15,2020.592763696261,1754.8828330952074,2302.3405444054442
2019-11-18,2014.4439193035146,1739.4384485674527,2298.0409630736035
2019-11-19,2009.8235238799784,1724.48533897503,2296.706661903633
2019-11-20,2007.733831135235,1722.505004756018,2297.4458626058076
2019-11-21,2001.5096564142254,1733.096901310694,2270.6802722600883
2019-11-22,2001.4354895272636,1724.4249828349282,2266.0967842047075
2019-11-23,2005.8195375833975,1718.791535691586,2274.081064770301
2019-11-25,1989.7564005020631,1702.6142809404348,2258.870523460862
2019-11-26,1984.0450908344997,1709.9796347912225,2274.5762510189656
2019-11-27,1981.2883524909807,1706.4600465888088,2260.7286880881015
2019-11-28,1974.836753716575,1691.9933472681903,2251.3724493377417
2019-11-29,1974.9814607513363,1696.7199714156025,2257.505732943487
2019-12-02,1966.5661893576557,1694.0357293945422,2240.4687324666515
2019-12-03,1962.743998326152,1681.849920340869,2232.4854320117493
2019-12-04,1962.2224525538454,1685.8141149914106,2255.9311882648212
2019-12-05,1958.3085281937524,1671.3463323053277,2236.872346621042
2019-12-06,1961.2438145153767,1691.4206136287203,2210.7934989838245
2019-12-09,1962.1556493498563,1696.9263754921597,2234.0128502136913
2019-12-10,1961.5601424669712,1681.2481849648968,2243.7554406618347
2019-12-11,1964.2215354213934,1695.5974924990664,2256.460267264362
2019-12-12,1963.386735900363,1693.7131027284565,2252.8965115741644
2019-12-13,1969.2400476779214,1710.8521684586483,2262.890721507867
2019-12-16,1977.4327559621825,1702.450897361836,2274.3910731712426
2019-12-17,1978.6334607412473,1699.4455130568494,2269.878063248999
2019-12-18,1982.7233348909829,1704.2928737328607,2256.01897534187
2019-12-19,1982.929625802943,1701.099106124543,2262.011506090092
2019-12-20,1989.4253125569048,1701.3465654393249,2269.67370204328
2019-12-23,1997.1653095129534,1726.6380237996214,2257.246239440609
2019-12-24,1997.4662922423504,1725.2877636647133,2273.4224041056304
2019-12-26,1998.9960212404237,1710.494386543696,2276.57915903471
2019-12-27,2003.698290064426,1741.7031907701705,2295.073147160016
2019-12-30,2004.9430480314752,1720.8620169182093,2257.1315794192114
2019-12-31,2002.8666245015356,1704.4122356827722,2273.8942650292183
2020-01-08,1992.2075747136782,1703.3858298489383,2295.3132937572955
2020-01-09,1987.214916524495,1699.5821611353088,2254.0112006520703
2020-01-10,1988.5393578925039,1715.5636434017265,2257.600357006497
2020-01-13,1981.6938056915283,1702.109563482141,2263.4486594156288
2020-01-14,1977.65122181943,1694.7352740483993,2257.9208284334045
2020-01-18,1979.0843026314442,1710.0609990021164,2260.391307750796
2020-01-20,1966.7640261382235,1665.7331296034106,2229.9848155777645
2020-01-21,1962.9174839415105,1694.1560288499636,2227.9022111537006
2020-01-22,1961.9112132381347,1688.1275657237745,2222.8785540422973
2020-01-23,1957.0136334339284,1677.3468000392002,2240.3605184781395
2020-01-24,1958.4366208331082,1674.2662952267021,2215.747665347658
2020-01-27,1951.4965668237319,1677.3719048312344,2232.087059914724
2020-01-28,1947.1874370797939,1661.4870551873175,2225.992346554273
2020-01-29,1945.6209290489137,1663.2864579668533,2208.3398535050196
2020-01-30,1940.0820747836733,1666.7226948318048,2229.7791050757414
2020-01-31,1940.8046892461964,1664.8029752531195,2204.488826310971
2020-02-04,1926.7509089711816,1658.71221946994,2203.7387617805834
2020-02-07,1919.238954076105,1629.6779866298855,2218.7878678551965
2020-02-10,1910.8717317615415,1629.0820225360876,2180.831944854107
2020-02-11,1906.716818333335,1617.422557778421,2147.4513023274912
2020-02-12,1905.707219231863,1629.7162609879824,2184.9446487469277
2020-02-13,1901.1710885742352,1641.3688327715336,2203.332965291872
2020-02-14,1903.3766565590724,1626.379571033512,2193.274486562285
2020-02-17,1901.7818302749786,1624.7355003963148,2185.2953655705132
2020-02-18,1900.366613954626,1628.870141659712,2188.24194380867
2020-02-19,1902.2790689676171,1613.0185513415395,2179.5127934757784
2020-02-20,1900.8024265544582,1622.262703992113,2169.07690717215
2020-02-21,1906.1547115970104,1622.1109512354935,2186.8290991848753
2020-02-22,1916.5638425311797,1641.83638426506,2207.547988628156
2020-02-24,1913.964984635547,1628.8059019950508,2175.1929410577222
2020-02-25,1915.4768832108748,1638.126795315453,2204.5444189895993
2020-02-26,1920.1140358371865,1633.7457424394454,2197.695235109403
2020-02-27,1921.1033120616994,1652.7920218769113,2190.3918450833685
2020-02-28,1928.6101091385253,1648.496505224126,2198.0497905858506
2020-03-10,1960.1107358009774,1678.0611699510212,2259.6753631991674
2020-03-11,1961.7921727032483,1652.4713535579406,2244.814070613118
2020-03-12,1959.0692607051444,1670.1391220581295,2255.614574273615
2020-03-13,1962.1710684461636,1681.2411794988348,2239.2838263868975
2020-03-16,1957.6054732816945,1675.4093253486856,2224.7588015348624
2020-03-17,1953.3433057176094,1678.3488925506638,2243.885888021605
2020-03-18,1951.5371037009627,1673.3772706386687,2228.5778718706442
2020-03-19,1945.5284813565079,1671.7129648853484,2204.0785701601053
2020-03-20,1945.609024937648,1671.9718620194383,2224.4687448715463
2020-03-23,1934.1009782602305,1654.0159863800739,2171.5852352044735
2020-03-24,1928.3722177983677,1653.3296428535948,2173.2429090788623
2020-03-26,1919.05527669908,1618.3185346742398,2194.4473153513836
2020-03-30,1910.411077976107,1630.6126373106354,2184.2767594838365
2020-03-31,1906.4843904959064,1603.7579492386335,2177.928660652646
2020-04-08,1907.26324703435,1624.6343844275943,2194.712359674516
2020-04-09,1906.3774063170072,1632.4100509607636,2181.021514124943
2020-04-13,1920.3784117700068,1632.0715700813696,2194.7203106122042
2020-04-15,1925.781628359248,1642.0591089199627,2214.934585022554
2020-04-16,1926.0889600786575,1640.995245460535,2205.2420041179107
2020-04-17,1932.7194831816648,1657.9735769087633,2192.700736602298
2020-04-20,1941.0892815273214,1639.2840100263554,2239.2144672070194
2020-04-21,1941.6793044939677,1665.4746392476654,2222.1308419378006
2020-04-22,1944.8640414193444,1677.9675933574333,2243.991809755152
2020-04-23,1943.9029160203943,1656.399033008883,2210.105763568142
2020-04-24,1948.7056637147996,1660.6075102796278,2245.73053662024
2020-04-27,1950.4056393538226,1678.713112735318,2204.9652365779466
2020-04-28,1948.508761764105,1677.3684422290241,2217.5348586891037
2020-04-29,1949.141180149223,1650.5372185363328,2234.5173510557206
2020-04-30,1945.6006372394327,1649.5681409718727,2234.785985577067
2020-05-04,1943.3940182938036,1676.1078976987878,2213.7518721181964
2020-05-05,1939.5650176494166,1657.59188246883,2229.401254667351
2020-05-06,1938.4074035954693,1672.6938816369545,2221.517655202941
2020-05-07,1933.234091992537,1633.0817573420834,2190.6995220779563
2020-05-08,1934.3017612995613,1674.1554689396041,2206.4443283118394
2020-05-09,1939.8856680571378,1662.5843238905238,2208.701994436549
2020-05-11,1926.244671651626,1678.3602046630265,2201.929822547163
2020-05-12,1921.6733371340047,1653.2119103749899,2187.7789142610877
2020-05-13,1919.9525329335083,1625.654064196194,2183.327128621087
2020-05-14,1914.3910528029382,1645.6455021953811,2211.8985396644553
2020-05-15,1915.2405269174253,1614.403065920527,2195.812971049975
2020-05-16,1920.7707157736195,1629.233106485334,2191.8148116806833
2020-05-18,1907.4940581412316,1618.5812652028637,2183.4898815943134
2020-05-19,1903.3311818747775,1635.8361243885115,2177.085296878692
2020-05-20,1902.164648666827,1632.7279017078372,2183.694372568509
2020-05-21,1897.300727320764,1612.2439012753555,2200.536902520733
2020-05-22,1898.9895949456418,1622.2888235363284,2178.513875152698
2020-08-25,2009.1101596116227,1710.848067385334,2297.1199209208085
2020-08-26,2007.8182848100373,1721.0825852926212,2296.778216476316
2020-08-27,2002.6190771784409,1712.4208511963739,2284.6395533705972
2020-08-28,2003.8167515042785,1720.2398117512164,2288.8763888994495
2020-08-31,1997.5295143668668,1714.5272467904904,2286.2809703503403
2020-09-03,1990.2767417323744,1721.641926006484,2270.4269847777473
2020-09-04,1993.4019571047897,1705.502479970459,2272.9436710969544
2020-09-05,2001.5936539163556,1742.2921212195872,2271.832432773833
2020-09-07,1994.768751078308,1726.900331491075,2276.354375490772
2020-09-09,1997.2502811225058,1714.7670517571355,2270.0974951641974
2020-09-10,1996.7096847725443,1703.9777980602303,2280.7974819869287
2020-09-11,2002.9322546904498,1705.4541884981961,2284.078727133433
2020-09-14,2012.7566830168003,1745.9803529486833,2271.778488490017
2020-09-15,2014.6819708718592,1749.0556155749266,2311.893999482278
2020-09-16,2019.5799783094692,1736.6378807427823,2319.7298242786296
2020-09-17,2020.667905711513,1757.963782154572,2299.4483197162626
2020-09-18,2028.1048122910029,1751.6287251077613,2288.821692948145
2020-09-21,2038.8337555982353,1773.4038698347244,2331.463179384494
2020-09-22,2040.1070207246253,1760.51713344419,2330.289339656559
2020-09-23,2043.8784086980127,1753.4799649845393,2317.087030047361
2020-09-24,2043.3798450335075,1767.4775790563976,2324.0975923188716
2020-09-25,2048.79370267213,1757.9166992392818,2355.2344653231244
2020-09-28,2051.1853161900594,1781.3410533648666,2338.3691257702512
2020-09-29,2049.0749186769244,1759.2388790673178,2309.9298423627233
2020-09-30,2049.2503409503615,1766.848006681402,2325.9002244476783
2020-10-05,2037.5800250796965,1744.8843164992888,2299.650399632345
2020-10-06,2031.9244248768634,1756.3074667573665,2312.256011520722
2020-10-07,2028.7821478060964,1756.8252489632423,2312.8360608995595
2020-10-08,2021.5006944310549,1747.179680927915,2292.102748140417
2020-10-09,2020.3755782732626,1760.399852579575,2296.409871308324
2020-10-12,2005.665678168731,1717.047044805488,2278.562535561834
2020-10-13,1999.0040470421245,1713.0602227259114,2289.0639180539597
2020-10-14,1995.33238277206,1704.9886686284763,2269.884710216495
2020-10-15,1988.0021610320027,1697.9510258088087,2271.152940521087
2020-10-16,1987.3040581809564,1722.4506026598908,2278.1307166254774
2020-10-17,1991.5420105790026,1721.9358516158275,2262.8219102704143
2020-10-19,1976.5523656811497,1718.7595026816919,2248.593531414859
2020-10-20,1972.002798968591,1697.365958318286,2267.7002615869656
2020-10-21,1970.7713458181286,1696.1219495854095,2251.454487086417
2020-10-22,1966.1591433622546,1704.9294147243374,2247.5893067362786
2020-10-23,1968.4015169538072,1703.5472519341251,2235.443722750781
2020-10-24,1975.7430859583974,1696.2733684600746,2245.0803912813076
2020-10-27,1965.864935676642,1680.7976034980982,2289.217853584519
2020-10-28,1967.7576500268372,1678.3734023166505,2228.9461576107938
2020-10-29,1966.1176687331417,1674.289748878883,2254.481219322711
2020-10-31,1980.9617489094053,1695.0309391316246,2266.5337039549813
2020-11-04,1979.4599889235444,1728.3850978202825,2239.418783829181
2020-11-05,1978.4103480342505,1694.1361714529712,2248.7309168758043
2020-11-06,1983.560464395459,1707.8620364105927,2266.0966624992584
2020-11-07,1993.100407343301,1709.862764655524,2275.0979433465586
2020-11-09,1986.6806824935047,1675.203124802122,2264.526511622304
2020-11-10,1985.2370954813946,1714.0697699098728,2264.4077711464042
2020-11-11,1986.244638133981,1694.4683927985495,2262.5800434551193
2020-11-12,1983.204354942648,1691.4868631924162,2258.292386737063
2020-11-13,1986.0928240835046,1703.4633185620505,2286.573046584664
2020-11-17,1977.1409513900808,1711.2471321684625,2245.8547073962177
2020-11-18,1975.4045474373547,1682.2907151593456,2252.0485566165958
2020-11-19,1969.4739792745509,1695.1992427915534,2253.093650786432
2020-11-20,1969.6260605592124,1696.2590608549528,2240.5579158833907
2020-11-21,1974.1627150843813,1684.3806427754894,2240.06998519106
2020-11-23,1958.1664498339337,1699.7994088501666,2239.650541885313
2020-11-24,1952.364817214078,1669.1549812288417,2226.712112350672
2020-11-27,1942.54339029322,1664.1831542664127,2215.3579382565395
2020-11-28,1947.1872211946825,1652.636150076633,2225.590792858053
2020-11-30,1932.7317249039188,1647.4348272232958,2211.1362674731076
2020-12-03,1922.6498668613954,1647.013597070614,2190.0927132620686
2020-12-04,1924.9301202744712,1649.383513782362,2194.8305540807933
2020-12-05,1932.3062396435557,1645.960075380477,2196.000086917302
2020-12-07,1923.8952735511298,1650.8359862732564,2205.0836995624313
2020-12-08,1922.6942415861777,1651.8364392935152,2186.98059271087
2020-12-09,1924.789066379279,1635.8425413549119,2205.9427755138113
2020-12-10,1923.4357521757886,1660.6282622331748,2207.747443197607
2020-12-11,1928.8265843082713,1638.00525750558,2222.485194578246
2020-12-12,1939.1661762944548,1664.9025759648707,2231.9603053577803
2020-12-14,1936.0280384780956,1681.2219891138488,2212.2715078515216
2020-12-15,1937.043026212577,1665.697416324162,2189.0629527018614
2020-12-16,1941.0219717477914,1633.57463656441,2218.792550714401
2020-12-17,1941.1912351571602,1666.2139159621727,2231.279387523208
2020-12-18,1947.721395899072,1660.352829822214,2220.0420747826697
2020-12-19,1958.803642038685,1662.2007767650016,2223.003539050007
2020-12-21,1955.9491728144847,1674.4953085048387,2235.2587774696376
2020-12-22,1956.5200626851974,1693.086053134135,2256.086779394684
2020-12-23,1959.6873328394443,1690.0473094698395,2238.4904870417645
2020-12-24,1958.7036405155034,1693.1888540092496,2228.675509755553
2020-12-26,1973.1221875718495,1695.8662981462153,2252.3192641720275
2020-12-28,1966.1643495439007,1667.3296649114523,2234.35143874155
2020-12-29,1964.4576461430036,1692.274018166447,2237.89167355537
2020-12-30,1965.261387983383,1675.1946880532,2252.7691529299977
2020-12-31,1961.8766690596995,1706.6377129689984,2248.225095982238
2021-01-06,1955.6368617140088,1686.729561324239,2251.549319799147
2021-01-07,1950.6948460863468,1660.6216237479296,2230.8832891801444
2021-01-08,1952.0324543568347,1677.530786995707,2229.6308688160634
2021-01-11,1945.042659269332,1661.964228897197,2211.3957021666038
2021-01-12,1940.9078890642866,1667.0690732611708,2229.4369344848255
2021-01-13,1939.653303405989,1659.7370250799252,2208.503205658202
2021-01-14,1934.5756489682376,1654.5057062696624,2210.007424856871
2021-01-18,1929.409295666014,1650.1877636898726,2204.164975269547
2021-01-19,1925.4990231737736,1634.5610035072514,2211.322318409541
2021-01-20,1924.4496190635248,1647.8298061018143,2214.3026746770497
2021-01-21,1919.559555532164,1629.6653575699509,2194.4244208917557
2021-01-22,1921.0125734212284,1641.0036435118093,2223.0346407076117
2021-01-25,1914.284563413441,1637.946109919137,2198.0285636510034
2021-01-27,1908.6197653405482,1641.0624388050742,2158.0020930823625
2021-01-29,1904.0226833238357,1643.5487272295431,2174.20547580978
2021-01-31,1814.3600407293038,1547.5256884680691,2094.2159532381042
2021-02-02,1890.2205977537662,1634.0025219939218,2159.85872944841
2021-02-03,1888.1083967123793,1622.0903270882247,2185.5230801707207
2021-02-04,1882.1216192911863,1583.785816425855,2153.5837817827164
2021-02-05,1882.5247008670488,1614.260303166901,2177.5460740986473
2021-02-08,1873.5059929300219,1611.2429002898682,2171.105440166604
2021-02-09,1869.0203936843182,1593.5616473327798,2148.397063830602
2021-02-10,1867.6244259795144,1604.490712430572,2158.4439900509833
2021-02-11,1862.649086548898,1581.6947435454488,2139.3792243962016
2021-02-15,1861.0811625710944,1608.0077418265046,2131.7136899847596
2021-02-16,1859.0536153091423,1586.7611417638298,2120.549548949978
2021-02-17,1860.3454424843032,1586.7038005120426,2140.086785726483
2021-02-18,1858.2505522425968,1574.8079969543428,2152.02303855688
2021-02-19,1862.9980212894304,1568.1616507946242,2148.6151896215447
2021-02-22,1869.1852229946371,1586.4825977346734,2140.745468277436
2021-02-23,1870.2550799083942,1602.1101314939333,2161.726066145256
2021-02-24,1874.5155117377426,1585.3366439689014,2143.763332585137
2021-02-25,1875.2013235317636,1588.2840342503391,2168.4405355058966
2021-02-26,1882.4845085239783,1594.9918172254909,2166.6297972184275
2021-02-27,1894.5504729953714,1618.8134281879713,2168.5967246379796
2021-03-03,1901.3168531084568,1630.3577585544538,2180.1618346794608
2021-03-04,1902.1464853277284,1619.6547417775544,2179.699503853865
2021-03-05,1909.0899916514807,1594.5924607261081,2183.366759925313
2021-03-06,1920.3327566163496,1621.046916522362,2200.6258021499607
2021-03-08,1917.031547359245,1629.7990017590969,2194.8529452697935
2021-03-09,1916.9979825085463,1629.7637124560288,2201.0173813331917
2021-03-10,1919.3138458589576,1638.5882916655696,2196.045455234492
2021-03-11,1917.2411917581408,1644.4940525166535,2222.257815471715
2021-03-12,1920.9959324130489,1648.1030189809383,2189.83687785576
2021-03-15,1918.2742424611909,1665.4891850259173,2197.8189851197403
2021-03-16,1914.5469370633546,1648.1310111926175,2195.0587289357486
2021-03-17,1913.2169931460046,1624.0592617998989,2184.7613680802206
2021-03-18,1907.6165140732608,1634.1448396002188,2201.356264631972
2021-03-19,1908.0290120072052,1627.9737240315246,2200.339520605706
2021-03-22,1897.0036915522028,1623.7456950477754,2183.668991808077
2021-03-23,1891.2550744958623,1633.3545306095273,2173.036717200538
2021-03-24,1888.34394729669,1612.5151806480305,2185.2893660113696
2021-03-26,1881.4115226233982,1609.2022089310685,2159.2232239440023
2021-03-30,1866.952769602194,1592.0138011233291,2136.3694369013306
2021-03-31,1865.7437685312486,1577.4541792265195,2159.3887828405245
2021-04-07,1862.8845728741549,1580.0609026560667,2132.82071703716
2021-04-08,1861.494826455223,1578.2322533800166,2144.986767155384
2021-04-12,1874.0716216212247,1589.5763406239853,2175.669873394846
2021-04-16,1886.0834574614532,1603.5013128613332,2194.3344073575954
2021-04-19,1894.8846413193996,1598.5199811165755,2172.8072875560097
2021-04-20,1895.7232039104838,1606.0090690469594,2191.176429152845
2021-04-21,1899.1980894110745,1596.0068224455708,2176.9438349646302
2021-04-22,1898.561525001505,1616.8302635848472,2172.198276842527
2021-04-23,1904.0151276339143,1636.1535617040843,2191.028150161526
2021-04-26,1907.755144705662,1629.1725474898094,2191.437992310896
2021-04-27,1906.5437511151545,1629.7672313682906,2174.2167992694403
2021-04-29,1904.9767040879522,1626.0568109851795,2158.3038184627253
2021-04-30,1908.1534920263864,1637.5783612475022,2174.705577402351
2021-05-05,1901.2503177346543,1624.7913024374197,2177.9558870266665
2021-05-06,1896.5463207711987,1615.2349214848316,2178.3707198251705
2021-05-07,1898.0498128061713,1600.3353301282152,2179.0803353414944
2021-05-10,1891.1036457192934,1588.6607826084594,2188.3549566975657
2021-05-11,1886.839998089136,1594.03769985387,2160.5634884134283
2021-05-12,1885.3973946630776,1588.133083688937,2148.3557870627337
2021-05-13,1880.0857609715458,1604.9993933104142,2159.506838852956
2021-05-17,1873.9231222347173,1591.7575954641818,2170.4884863142524
2021-05-18,1869.8805514281944,1575.230876900044,2149.741838496948
2021-05-19,1868.8094350971216,1589.2395753834808,2164.8699378965107
2021-05-20,1864.0158977267627,1578.0991894034178,2124.382272365749
2021-05-21,1865.7498259988351,1564.375606634488,2145.576114061468
2021-05-24,1861.3516841407322,1583.9892550435513,2134.6382490010246
2021-05-25,1858.5387216041254,1594.1317377097537,2151.0409856247516
2021-05-26,1858.8410370953934,1574.5934680526857,2134.5107238051482
2021-05-27,1855.5660409356506,1576.4957946722295,2126.5851334782797
2021-05-28,1858.9644781226727,1585.8545695487248,2139.4895379918485
2021-05-31,1860.4278269158372,1591.3175552022194,2126.1951191348835
2021-06-24,1958.7292843955984,1666.7482658572717,2244.78227370692
2021-06-25,1965.4811862873098,1670.6148306335463,2238.5241561492157
2021-06-28,1971.4168056502015,1693.0878863207352,2243.2623829391973
2021-06-29,1970.310170170676,1706.5104215664305,2252.7701552253516
2021-06-30,1971.391077647146,1676.4017827639946,2240.473280721234
2021-07-13,1924.7862127487251,1648.4678170800696,2209.9773005023
2021-07-14,1921.15795551197,1630.3860143767479,2194.3046181988493
2021-07-15,1913.9363851512035,1628.1031368909228,2168.9504195246845
2021-07-16,1913.4373861883353,1633.5428023095571,2194.082387291141
2021-07-19,1904.0748370781116,1626.9223479905138,2180.5408124266596
2021-07-20,1900.3309765693593,1618.4340637589562,2181.3794420749923
2021-07-22,1896.7376697842822,1623.5413946228023,2158.546714199883
2021-07-23,1900.4584452680592,1626.7710797964014,2171.4233771418703
2021-07-26,1905.2460824658067,1630.934324396904,2188.8692878092716
2021-07-27,1906.445724263896,1628.504475787547,2171.4731683921423
2021-07-28,1911.1432078875318,1637.2218696557557,2185.4857291461253
2021-07-29,1912.5736120986044,1653.5006993658599,2179.2880006513087
2021-07-30,1920.9058994465918,1643.9976879364278,2215.728892849613
2021-09-06,1986.9145118464298,1722.1727683383833,2279.0428907218675
2021-09-07,1986.1913700867858,1721.1704294901874,2261.5034064427896
2021-09-08,1988.7889946532903,1687.8847285321838,2288.3597526511453
2021-09-09,1987.981677528753,1690.0545452052015,2287.638398190542
2021-09-13,2003.4643964171423,1726.9758655970477,2286.192627930634
2021-09-14,2005.4193269033274,1733.1961401634646,2274.0994017288544
2021-09-15,2010.4287194304038,1713.2526164349447,2290.9248176108267
2021-09-16,2011.7138716363581,1734.0287768904684,2281.676646605952
2021-09-17,2019.4363051764299,1738.6428980006037,2286.5852007378303
2021-09-20,2031.5511861491866,1754.8424978558007,2315.988607407694
2021-09-21,2033.454470721145,1752.6702217792686,2308.103130762093
2021-09-22,2037.9317520308941,1766.5135704129136,2330.675829274274
2021-09-23,2038.2078970463695,1747.976566591522,2341.3152298715363
2021-09-24,2044.1769400127764,1752.5189062877369,2321.499362763168
2021-09-27,2048.4981426928657,1775.8286876891093,2334.2938158069237
2021-09-28,2047.0820973808732,1780.416550148362,2319.0827384046825
2021-09-29,2047.9577923903626,1758.993509807082,2325.7023821455755
2021-09-30,2044.4055046799579,1774.9720869489433,2324.215072277565
2021-12-14,1922.4516571358838,1665.3631894500527,2204.65895051663
2021-12-15,1926.035455894896,1658.8556884034838,2202.934023579674
2021-12-16,1925.8843397177147,1634.2665576300526,2200.711262608032
2021-12-17,1932.1683881979388,1652.0602672111522,2199.937797303316
2021-12-20,1940.0760051942877,1666.0015895094698,2205.4112400679683
2021-12-21,1940.6636428741895,1650.2875818235457,2217.7363609245012
2021-12-22,1943.8985309232353,1672.607151068094,2217.125000699129
2021-12-23,1943.0254333681694,1665.582914367739,2222.3574246875855
2021-12-24,1948.2390206006542,1671.0586107163613,2212.605886442412
2021-12-27,1951.1828360170332,1675.9916552423044,2242.5193123950426
2021-12-28,1949.6687462927111,1681.8937539094377,2241.559803204823
2021-12-29,1950.655153781916,1651.6958526802373,2235.2736426893453
2021-12-30,1947.4354388955567,1657.8261765649706,2227.615991694638
2021-12-31,1950.2528937234124,1695.04427019225,2238.643900441899
2022-01-03,1946.1730916663355,1673.3259651175379,2235.7841396421927
2022-01-04,1942.511064185396,1664.2241901520415,2223.6073043243537
2022-01-05,1941.5042624744517,1650.7681122193492,2225.534637578297
2022-01-06,1936.4726889058763,1653.7607899289499,2215.4876873615362
2022-01-07,1937.6800014666267,1661.6764990689376,2209.938882156534
2022-01-10,1930.0845757492734,1654.6072861002024,2199.4583859335553
2022-01-11,1925.6906812960551,1630.7913398350547,2221.269222924127
2022-01-12,1924.1571692515092,1663.703032761368,2224.995341096474
2022-01-13,1918.7866842186436,1649.5329901556304,2211.3510672961443
2022-01-19,1906.9325553365916,1639.3425524318534,2189.6702885496547
2022-01-21,1902.9817871306545,1609.0639043077379,2198.340756834747
2022-01-24,1895.6480941672996,1611.1949158224677,2159.144886668912
2022-01-25,1891.2772465847324,1643.9006453388056,2165.661438650215
2022-01-27,1884.1037779564044,1601.882582942635,2150.1452194382914
2022-01-28,1884.7977158762378,1601.5934191400534,2148.8543385706203
2022-01-29,1889.9978941692132,1599.6846193531032,2166.590134223827
2022-01-31,1875.4667796974052,1610.084127963157,2169.6062725019615
2022-02-02,1868.0289564536686,1573.896466906341,2147.1704997924653
2022-02-03,1861.7886016768387,1575.5580621638994,2124.741125571635
2022-02-04,1861.8956290124113,1574.528730322384,2147.8282216906264
2022-02-07,1851.687229985436,1563.0083832962991,2145.2381733376897
2022-02-08,1846.694451643203,1585.8782636419235,2123.4664917685723
2022-02-09,1844.7341416745478,1569.7463473820999,2130.2758058471495
2022-02-10,1839.1382973532195,1557.7675761838113,2106.0891071885812
2022-02-11,1840.1819256373499,1584.308863163228,2130.012203232282
2022-02-15,1831.7346189568736,1551.9385654689652,2088.885111355678
2022-02-16,1832.1699426359735,1560.7631117834294,2122.0508413112675
2022-02-17,1829.2076696662737,1567.5516088276631,2103.3851278120997
2022-02-18,1833.0874220232138,1563.134316874784,2113.6607060353867
2022-02-21,1836.7799560014732,1561.5707565383,2133.949774219432
2022-02-22,1837.091137805571,1565.2869356043245,2114.738692272613
2022-02-23,1840.646727304436,1551.4039461556044,2117.9455750147
2022-02-24,1840.6908479469691,1567.0938053708505,2133.227676881267
2022-02-25,1847.4037322965007,1574.606739082506,2121.7599336101666
2022-02-28,1857.9955248126773,1578.1396945133197,2124.620066956385
2022-03-01,1859.9067790190581,1578.6900062456284,2138.8665389823936
2022-03-02,1864.6440913258043,1580.892208243821,2140.2971327086866
2022-03-03,1865.4215521693873,1587.4579582753674,2153.6398748700817
2022-03-04,1872.3979790937244,1579.677564281194,2160.186200098201
2022-03-07,1880.8885980534264,1610.6202711985154,2138.119224243919
2022-03-08,1881.160173534989,1578.1859792176056,2171.181778761608
2022-03-09,1883.8248928336525,1584.7484144519947,2152.5874593265876
2022-03-10,1882.1328390068768,1604.8955482800984,2148.527690572337
2022-03-11,1886.2872558501604,1610.7963314221447,2162.2105156673
2022-03-14,1884.7476786742086,1614.1035066358115,2177.266095783953
2022-03-15,1881.3654017688518,1587.3926500204398,2166.030724308263
2022-03-16,1880.3354868498782,1605.7817432243744,2159.773209710408
2022-03-18,1875.5696502620804,1595.6110821782368,2158.0184683119364
2022-03-21,1864.6070144353023,1580.2645836789902,2146.803500361086
2022-03-22,1858.7048552583005,1573.8017747900803,2144.573789440404
2022-03-23,1855.5488724781783,1568.7413043251331,2135.081374077063
2022-03-24,1848.4983018054054,1566.5899566651076,2142.6113036114084
2022-03-25,1847.855962668961,1569.515799858528,2138.582954886873
2022-03-26,1851.941953345856,1567.2224377479242,2142.828920721363
2022-03-27,1755.9676254400947,1480.2886412293374,2039.714655070122
2022-03-28,1836.107408766059,1551.2203681164494,2102.196325895401
2022-03-29,1830.9133792487182,1580.8867426399581,2106.2787871038286
2022-03-30,1828.3686385442497,1558.3334200706593,2106.246186604634
2022-03-31,1822.3607500371072,1547.717954116454,2100.0187150938373
2022-04-01,1823.1555423053699,1526.3986412263052,2098.4609916160016
2022-04-04,1817.611502067831,1531.362374955504,2096.0337989737254
2022-04-05,1814.9322534270298,1540.4145538984526,2081.0635534394073
2022-04-06,1815.5815983035416,1532.4332326427102,2115.265930406537
2022-04-07,1812.8269169449181,1519.8022407912713,2079.5944061023183
2022-04-08,1816.8711620800016,1549.064032601162,2090.239241565771
2022-04-09,1825.9287913380247,1555.56421360962,2118.8197069000203
2022-04-11,1820.455194088625,1561.7986329221776,2069.1509591557437
2022-04-12,1820.4312671411647,1536.5443743715207,2079.4813701838443
2022-04-13,1823.4648791257328,1548.9852708776218,2120.2484242435416
2022-04-14,1822.786508486519,1547.1847620189963,2099.7708360409115
2022-04-16,1839.0059555697699,1576.4620494306103,2136.10098250523
2022-04-17,1749.1840548719763,1485.7913211221708,2032.4412640932753
2022-04-18,1835.1613941225933,1550.486204520588,2110.2453211805596
2022-04-19,1835.3821146077705,1565.1319942421876,2140.311076139062
2022-04-20,1838.2891495909057,1560.861367603805,2121.7712527318326
2022-04-21,1837.1280840378215,1575.6057992239166,2129.7114270888687
2022-04-22,1842.0934266576771,1559.4959196591776,2119.2293588601965
2022-04-25,1844.511795929956,1556.8809106994636,2119.3711232809915
2022-04-26,1842.8829131697062,1572.0228812445498,2143.1658109140094
2022-04-28,1840.4739368450346,1577.9906596060694,2125.5300026875416
2022-04-29,1843.2140972795326,1558.6396076812591,2141.7625800043743
2022-05-02,1838.8277607817377,1551.61269886288,2114.3918411329846
2022-05-04,1833.7875751350707,1545.9564433901614,2118.586286429424
2022-05-06,1829.3671454494659,1541.349067048062,2074.038442355702
2022-05-07,1834.6936107249003,1547.6837568949602,2106.990513121504
2022-05-08,1739.6393479218082,1462.2702239584548,2000.9029357980403
2022-05-09,1820.3414209064488,1513.5262083765795,2094.1420409815696
2022-05-10,1815.319688433448,1527.1747450721925,2088.392883644008
2022-05-11,1813.0880953315188,1551.096987942987,2096.4138062954394
2022-05-12,1806.9576981993698,1523.841410238946,2091.7382908167115
2022-05-13,1807.1823163085544,1529.8918072684173,2071.8895564022487
2022-05-16,1797.2437258914997,1518.5950469578747,2079.333692128628
2022-05-17,1792.2484342506737,1507.6426807983523,2073.5200408953447
2022-05-18,1790.1996167224984,1512.8698814999436,2073.848375056439
2022-05-22,1695.9992132994496,1417.729809109577,1967.795801865012
2022-05-23,1777.4761142290095,1488.4124515352862,2043.3979750003764
2022-05-24,1773.5324175885683,1506.2431032509294,2047.4367228631158
2022-05-25,1772.677461671537,1490.1227550382148,2032.0368050595155
2022-05-26,1768.2186906808213,1503.0673813905657,2029.7140358172135
2022-05-27,1770.4072146014996,1509.9858577935338,2048.496050064553
2022-05-28,1777.512725840359,1510.74168468554,2056.2040973174917
2022-05-31,1766.2120671202274,1470.0431557843146,2049.66047687066
2022-06-01,1767.5555428845075,1483.2095397939995,2064.3506122496674
2022-06-02,1765.4246516061446,1503.9277963389304,2051.791629002679
2022-06-03,1770.0596910807765,1519.9550513791821,2069.286109853573
2022-06-06,1775.6378555610704,1507.3879246153037,2063.177267741817
2022-06-07,1776.4973883937766,1491.7418669155545,2050.5212519302313
2022-06-08,1780.5932962855406,1495.1840391803778,2057.124011936174
2022-06-09,1781.192778274148,1521.035725803882,2065.801841665969
2022-06-13,1801.3601197270564,1515.1955307247085,2085.5657424329297
2022-06-14,1804.264003226153,1525.6302348228414,2080.0830030719158
2022-06-17,1820.6786610008965,1543.119614828812,2116.6398221222485
2022-06-18,1833.6840501175684,1558.8891387395527,2108.036726079056
2022-06-19,1746.3176381538049,1461.1346993034292,2025.2920490951124
2022-06-20,1834.621331914823,1550.9973544767404,2119.545370128842
2022-06-22,1841.9373898855874,1561.344986146458,2122.808232227877
2022-06-24,1849.161782497691,1579.941752486057,2114.5706032528733
2022-06-27,1854.8531572139782,1583.3554341977454,2140.438043385335
2022-06-29,1854.8108410300156,1587.3679226103543,2143.891948744893
2022-06-30,1851.36484162555,1552.6791695508737,2123.229523790194
2022-07-05,1840.2320353222383,1563.119659949079,2125.6003256808162
2022-07-11,1811.1324361777417,1532.719135707528,2098.992940496044
2022-07-12,1803.549108004355,1516.3291197814165,2063.993610315251
2022-07-13,1798.8806433349134,1502.873138943086,2076.959329288828
2022-07-14,1790.5059371838888,1515.2393941764021,2043.6778622476718
2022-07-15,1788.7456148970045,1503.9472840470032,2067.7005782810666
2022-07-18,1775.026523672823,1513.1556441733078,2063.6468946331393
2022-07-19,1769.6738808906125,1523.7334284052708,2044.2100796816223
2022-07-20,1767.7888047161819,1483.039867995435,2044.2680575499542
2022-07-21,1762.7048754385257,1484.6252606849707,2033.3363744204048
2022-07-26,1763.7554744098072,1476.9643543933553,2024.0300912619634
2022-07-27,1766.8074134760868,1488.6364505691563,2057.1791465295987
2022-07-28,1766.6545513745768,1475.5187195977974,2030.0282141279838
2022-07-29,1773.4782399655626,1511.4393878204196,2066.0875244691533
2022-08-01,1786.2111340064996,1511.1148065733944,2066.7518813812103
2022-08-02,1789.4109050420782,1497.067335085906,2097.7582515531935
2022-08-03,1795.7029744481772,1505.1720278642954,2078.4591071960135
2022-08-04,1798.284838326314,1526.363610872195,2077.2702953377893
2022-08-05,1807.296405409762,1539.9366247755331,2085.4705472483533
2022-08-10,1831.5652638563397,1553.1951322814816,2098.087323795545
2022-08-11,1832.7957510771867,1546.704417245221,2111.3331943755034
2022-08-24,1839.8021357810094,1569.630848967182,2123.36279435134
2022-08-25,1834.297845612138,1559.5137176320286,2120.407701636993
2022-08-26,1835.004364321893,1540.101767361976,2111.147755853455
2022-08-30,1821.5915064632543,1548.749440571821,2102.1489841406856
2022-09-05,1812.8575110962704,1530.1787708759196,2079.63111972673
2022-09-06,1810.7154407911357,1519.496080868728,2075.678499701257
2022-09-07,1811.8949201796627,1528.7303925714266,2078.974872252353
2022-09-08,1809.6828086294677,1534.4965644092608,2098.656866522341
2022-09-12,1819.9151311070782,1535.91647856244,2103.980093136869
2022-09-13,1820.7014391525174,1531.2783058081382,2089.1915451071827
2022-09-14,1824.616636624696,1535.7173824708605,2087.036119221575
2022-09-15,1824.8880637146565,1555.0563635962365,2104.739355357593
2022-09-16,1831.6817386874468,1560.3996872439366,2112.654211868842
2022-09-19,1841.5405608169708,1553.4932761512766,2104.0531276016554
2022-09-20,1842.8670196689948,1590.9547799739917,2129.4492876578074
2022-09-21,1846.8501832028223,1584.574005040142,2140.752313166113
2022-09-22,1846.709634207353,1570.268510655856,2136.996999412685
2022-09-23,1852.612698284769,1566.2742329847126,2118.005261440793
2022-09-24,1862.7507758227673,1565.6019203614476,2134.3904776270465
2022-09-26,1857.0743491855353,1585.1848076075726,2148.643755066829
2022-09-27,1855.7842388868148,1603.7317251997051,2142.6825533407946
2022-09-28,1856.8067187206802,1578.9825147276367,2140.8450884651857
2022-09-29,1853.4101487884088,1595.8193874959832,2126.753267713969
2022-09-30,1855.8160620106723,1571.8285037685987,2133.9744254654206
2022-10-03,1848.9412390186078,1570.8432898295064,2131.6668210375815
2022-10-06,1834.0180505353937,1567.7124707403525,2095.2937599496904
2022-10-07,1832.985333099615,1534.372596213876,2122.7372146011685
2022-10-10,1817.5336033958936,1542.8616412610254,2109.455330668399
2022-10-11,1810.272115940314,1529.574983888572,2093.618361880484
2022-10-12,1805.825926130513,1542.0493263269345,2078.763688308666
2022-10-13,1797.5523089930912,1527.979082789845,2075.6124710578056
2022-10-14,1795.750835746466,1517.4026902890284,2069.656704571005
2022-10-17,1780.8607153469409,1500.5935720423317,2064.6709679772225
2022-10-18,1774.7118303315174,1484.7096851703386,2054.9696251154633
2022-10-19,1771.8043704726779,1488.6527508724914,2039.860890417539
2022-10-20,1765.4616961715021,1490.2418216184442,2038.2492339502592
2022-10-25,1756.517155794773,1467.6672415668622,2036.4457235679563
2022-10-26,1756.840913202846,1482.4277434112973,2046.9893486173592
2022-10-27,1753.7344796397952,1462.9808505773992,2024.9025114577162
2022-10-28,1757.3923474490255,1468.220006110001,2035.5526068020938
2022-10-31,1759.5204367282554,1473.9837242642272,2028.6522494591457
2022-11-01,1758.881083719548,1487.1620103277228,2049.6758944634344
2022-11-02,1761.2180251721898,1466.9892793112551,2053.7826317328017
2022-11-03,1759.7518593102277,1456.7976449697926,2039.8901464284202
2022-11-04,1764.6460659653133,1483.74224842651,2071.667969066341
2022-11-07,1767.87491102838,1495.5409972443615,2043.6099238576428
2022-11-08,1766.7157534204894,1491.475649793265,2049.187054761016
2022-11-09,1768.1034124552514,1469.0778707340862,2036.8642182269043
2022-11-10,1765.2800763494101,1500.2218210418987,2043.017529085538
2022-11-11,1768.4391456375026,1490.652988326616,2043.1379442739005
2022-11-14,1769.2548574271498,1462.218286307139,2023.0496250567708
2022-11-15,1766.840308658962,1498.1950241048114,2068.2618251831327
2022-11-16,1766.84311736314,1501.3185760472024,2050.548881326657
2022-11-17,1762.5678746891035,1495.8370592324272,2034.58851284722
2022-11-18,1764.2718036437188,1494.0485459435613,2063.9043162744133
2022-11-21,1756.6850993444807,1479.9082545405547,2039.621586927847
2022-11-22,1751.8733126306543,1461.084369165778,2010.0822153540603
2022-11-23,1749.7704060769224,1460.4942356839267,2021.0628233921268
2022-11-24,1743.7264499677765,1481.5495804518139,2003.4733422646373
2022-11-25,1744.037187294787,1465.3648285836582,2012.5247745474248
2022-11-26,1749.0178443545901,1455.4083482963506,2014.1058074658317
2022-11-28,1734.7891896846543,1472.2107470985848,1993.1425392104513
2022-11-29,1730.307816360563,1451.8497092225593,1997.7885029671315
2022-11-30,1728.9770337597665,1459.5900058704844,1970.4324575635187
2022-12-01,1724.1330163700254,1446.0212599370332,2005.5057885826418
2022-12-02,1726.0488540693266,1439.2111210514684,2015.936829067599
2022-12-05,1723.7011260011602,1434.7330612416524,1989.2345546930283
2022-12-06,1722.0652121698065,1415.6891119414643,1999.6846628602445
2022-12-07,1723.7640698168743,1440.3097052354326,2038.4951294646226
2022-12-08,1722.0749523949344,1433.0494331793097,1994.6604379186049
2022-12-09,1727.2099059735933,1459.6525052304312,2000.420551435773
2022-12-12,1734.2902759487936,1467.0498399667167,2025.6745104375782
2022-12-13,1735.5236036864487,1466.3108900591087,2001.6775684184263
2022-12-14,1739.8647310938386,1460.448060223066,2010.8093921709974
2022-12-15,1740.5441257006987,1459.0546442082234,2003.2758714184054
2022-12-16,1747.7333325812747,1465.3758707608636,2028.409209174082
2022-12-19,1758.7955699411773,1488.2149901171917,2051.936486165177
2022-12-20,1760.5708132399243,1477.3516873531141,2030.2028953289848
2022-12-21,1765.0528364638633,1491.6049312327864,2048.5470481582424
2022-12-22,1765.4795936236592,1476.1780620881668,2062.1046284952804
2022-12-23,1772.0380536287505,1470.2443389447994,2045.9481449496905
2022-12-26,1779.2005645601353,1522.5372566070157,2063.243119199333
2022-12-27,1779.1239303081466,1496.9522313925158,2056.140186070254
2022-12-28,1781.5483953819214,1497.0925382547541,2059.4995844360424
2022-12-29,1779.7588291215925,1503.5605428785648,2072.1251135864677
2022-12-30,1783.9906274254438,1509.9946300744812,2064.6791526899374
2023-01-02,1783.9928789728046,1520.6654997405683,2070.788089406278
2023-01-03,1781.6210532176483,1514.2839322759528,2066.254543174438
2023-01-04,1781.8637467477615,1494.5413644067266,2065.2203015298646
2023-01-05,1778.0395584560229,1480.0993008103385,2064.7116152567223
2023-01-06,1780.4119999913146,1505.5149840723734,2041.6325167452346
2023-01-07,1787.2636592313636,1523.2255641186705,2065.014183207266
2023-01-09,1776.0747155256463,1498.9820099864767,2061.3846062783105
2023-01-10,1772.698471154927,1494.1295912904313,2052.2178003100958
2023-01-11,1772.1559168560543,1486.516728467492,2060.381763390601
2023-01-12,1767.7551562158558,1491.6686360337012,2038.242967073427
2023-01-13,1769.7436339678022,1504.5992065887585,2060.8949527911223
2023-01-18,1761.6012330051663,1496.7656200626666,2041.9224305094222
2023-01-19,1757.4237288319205,1476.2299148794218,2037.9019889257056
2023-01-20,1759.630581489119,1472.94219628365,2037.4099818033637
2023-01-21,1766.455206322456,1492.4746872239627,2064.3848776273235
2023-01-23,1755.4278940524969,1484.1155506855077,2018.9167102238077
2023-01-24,1752.1440212638538,1475.011707733883,2025.6250675389126
2023-01-25,1751.6432077402176,1476.595946795443,2030.1279165720632
2023-01-27,1749.0215047512838,1467.4041210158923,2025.508346351742
2023-01-30,1743.0899959013116,1455.5696038617734,2019.6366311384024
2023-01-31,1739.094973561585,1456.216286272765,2006.0848292710684
2023-02-01,1737.8579086753616,1454.1309439823053,2015.9900815709552
2023-02-02,1732.6814200072884,1455.433585276943,1991.2137467411767
2023-02-03,1733.8173656743957,1442.98288556652,2027.0810797246322
2023-02-06,1726.4287917466058,1462.971991294352,2004.9064363006005
2023-02-07,1722.272287407518,1435.9589118564627,1983.6615151534572
2023-02-08,1721.0918546981068,1447.1039662083901,1993.4098055437225
2023-02-09,1716.218701420429,1432.66427364684,1998.1392050270197
2023-02-10,1717.9284705378373,1452.2444695793956,2011.4016375779313
2023-02-13,1714.0319540262444,1441.9168387872453,2001.6806707801056
2023-02-14,1711.6441588147472,1452.9347848899013,1998.3420218690076
2023-02-15,1712.523145849786,1439.1268803657547,1963.9227131847795
2023-02-16,1709.9814424785777,1459.9181018954534,1972.8324032155958
2023-02-17,1714.268344825043,1420.5811957915737,1987.2639953856592
2023-02-20,1719.2080359122094,1444.0011224494726,2019.8487385062556
2023-02-21,1719.9803989702798,1431.888517426307,2015.0288554046933
2023-02-22,1724.0381948304903,1460.853207458455,2009.1254234271255
2023-02-24,1731.9632496260617,1461.571100638373,2001.152312317978
2023-02-27,1744.8428780525583,1486.936777827018,2035.3535398112283
2023-02-28,1747.6842411894793,1468.095127042726,2041.2296926157403
2023-03-01,1753.4410705365176,1494.876813530127,2034.4773092618393
2023-03-02,1755.3282047596008,1459.4253994973783,2033.9747035061434
2023-03-03,1763.5033635400987,1485.0117424233235,2045.2133276631903
2023-03-04,1776.1437947390323,1514.8267999529712,2077.803325100727
2023-03-06,1776.086129414111,1497.082045348838,2059.9326339442873
2023-03-07,1777.865618390964,1505.9592445060227,2048.687000768841
2023-03-08,1782.0955640985449,1499.70974812594,2065.188885270882
2023-03-09,1782.0153058507105,1507.7516174802581,2053.7940663176737
2023-03-10,1787.8163310718367,1520.5823490341254,2072.6451406052965
2023-03-13,1791.2980722752661,1523.7407446060845,2064.5442431164734
2023-03-14,1789.572923365933,1521.0109141691823,2058.519176307625
2023-03-15,1790.1702264259495,1501.374043891602,2063.486352032992
2023-03-16,1786.3988849633117,1495.3114901423128,2056.763881099463
2023-03-17,1788.5212853064872,1499.7043202292873,2053.4637148714296
2023-03-20,1781.7390350578123,1497.1620492758502,2074.824810375944
2023-03-21,1777.067876953419,1509.3388499199748,2043.2771153557735
2023-03-22,1775.0537926352695,1529.4643728725853,2071.8473307903496
2023-03-23,1769.0540156518625,1482.8716484726515,2057.6275120916607
2023-03-24,1769.371231302878,1492.284425161068,2057.418150228749
2023-03-27,1759.9799283209543,1476.8299366553365,2047.3425038544249
2023-03-28,1755.4150434937524,1493.1597121461577,2042.3033336071971
2023-03-29,1753.9905972739198,1475.43298730325,2026.540069778993
2023-03-30,1749.0464326287529,1489.096035023295,2042.806136676752
2023-03-31,1750.8586900770838,1481.3006120745151,2023.9821657662737
2023-04-03,1748.2021219531289,1470.8783456994902,2027.1243498743772
2023-04-05,1748.076402742831,1458.7254363159002,2035.358977457825
2023-04-06,1746.301660211099,1463.7726932866083,2040.5310449025706
2023-04-07,1751.3582717025347,1494.0940539648966,2031.6964979185857
2023-04-10,1758.261220536312,1469.376040965117,2043.3371618310207
2023-04-11,1759.4606124395248,1496.9908540336885,2025.5993144939596
2023-04-12,1763.7842085136267,1499.0228001293785,2040.0483674999466
2023-04-13,1764.4652270167953,1489.301333839784,2038.5753824903632
2023-04-14,1771.6782114240193,1495.148471087247,2042.307815688963
2023-04-15,1783.6153702784366,1482.6522324528887,2083.3089968960003
2023-04-17,1782.9763709033414,1499.6172017481326,2043.0464517322062
2023-04-18,1784.8953174287674,1502.8687279602825,2050.6736350388496
2023-04-19,1789.5579457947815,1496.2316877264604,2072.073350680712
2023-04-20,1790.2040319043451,1509.2207866412807,2076.494744358099
2023-04-21,1797.0215868498979,1530.1078683719038,2069.4475819240633
2023-04-24,1805.1953952345332,1530.0669779909008,2073.2889053004687
2023-04-25,1805.5264584351955,1536.3704778611655,2091.347976701583
2023-04-26,1808.387001742627,1533.5164785545776,2079.9660174367646
2023-04-27,1807.0557711952729,1516.9308644437353,2096.18456062313
2023-04-28,1811.7607913853362,1540.1746318340251,2075.9344585909475
2023-05-02,1811.2503485860268,1531.707078506521,2103.213870677394
2023-05-03,1811.8982506790062,1527.6773910290792,2102.8845459094364
2023-05-04,1808.4345617734957,1521.6682716674775,2080.488053402684
2023-05-05,1811.1132085518527,1520.8253677004875,2105.0402540241907
2023-05-08,1807.2932351557224,1537.045039494292,2065.2360279655886
2023-05-09,1803.940380425953,1519.2135452080609,2086.0228894778243
2023-05-10,1803.345495477868,1529.2354419106011,2068.63634156802
2023-05-11,1798.820630648911,1520.789318657275,2065.166186334017
2023-05-12,1800.6207202595049,1526.513692709626,2074.5211357013163
2023-05-15,1795.2393358116105,1523.8147214446776,2083.4163851984017
2023-05-16,1791.7099279610138,1519.9489558835608,2077.059167170463
2023-05-17,1791.1015755967014,1509.6859399857049,2068.6003654107976
2023-05-22,1785.2050084337222,1509.901418216325,2072.476429433098
2023-05-23,1782.5503470140686,1497.5650987897413,2057.5857779292587
2023-05-24,1782.9581664587195,1504.3829657351764,2045.6697282187504
2023-05-25,1779.7356655784017,1503.080669464436,2057.14644267603
2023-05-29,1784.2959997315688,1525.313290782239,2064.1030856028137
2023-06-12,1833.0316003106152,1562.2996051731839,2085.5244005054274
2023-06-19,1877.1467544200757,1599.5695150051608,2167.291069973712
2023-06-20,1881.4259809035354,1601.5601241656407,2168.6354134000685
2023-06-21,1888.306020756358,1620.18199983424,2169.9324354774735
2023-06-22,1891.006132972223,1600.7170502986417,2177.70377010947
2023-06-23,1899.69180933802,1625.0752022995282,2174.1629802156817
2023-06-26,1912.114762056684,1641.3752160282163,2190.07647483116
2023-06-27,1913.3317991673591,1653.3370046339996,2168.17024873514
2023-06-28,1916.7777969462497,1630.1959143207882,2209.3881571601214
2023-06-29,1915.7148330978548,1651.6671246281903,2200.3192172494187
2023-06-30,1920.3586551042345,1649.0177560922903,2189.5266506315543
2023-07-03,1919.5813586630084,1643.7166834901598,2173.4336241356723
2023-07-04,1916.264343658993,1624.5190869356024,2190.144659138332
2023-07-05,1915.2298219264364,1646.8214443390334,2196.9953657628507
2023-07-06,1909.8144656195573,1649.0494990169088,2200.6981220849616
2023-07-07,1910.3081709596381,1621.730838433333,2185.498367119067
2023-07-10,1898.9985491191705,1602.848235931661,2179.332245990906
2023-07-11,1893.0225979243053,1620.7470811138646,2157.1907064496154
2023-07-12,1889.8455044663533,1611.035748328888,2168.9197855814064
2023-07-13,1882.846222319371,1599.796200964197,2167.0412024172674
2023-07-14,1882.3475310663466,1594.06926209479,2140.4112287737826
2023-07-15,1886.6895314255323,1592.2303535176393,2161.274466560612
2023-07-17,1871.7828378310176,1592.877282445026,2139.7594726946754
2023-07-18,1867.2985283979788,1580.2358527905703,2135.4486959667124
2023-07-20,1861.857835310727,1595.733829993621,2156.311927865868
2023-07-21,1864.5278503854006,1572.5369076625084,2139.962840694346
2023-07-25,1866.178507731011,1577.2661883559108,2150.4426750949897
2023-07-26,1869.913219969071,1588.008475763845,2144.7595437220866
2023-07-28,1878.0987668633277,1611.6456538558232,2150.348132808695
2023-07-31,1893.6660446929795,1620.5822657307863,2176.068531586182
2023-08-01,1898.0007060145747,1633.0851554419717,2177.7648450214265
2023-08-02,1905.5342502291132,1639.633185587032,2168.611852117405
2023-08-03,1909.468102144251,1636.0372946316038,2188.198525409281
2023-08-04,1919.9439983868203,1642.915202729149,2188.8095253611277
2023-08-07,1940.7590696142406,1659.439313801721,2216.224625214912
2023-08-08,1945.6515355263455,1653.5412167096868,2219.02798890127
2023-08-09,1953.1376089529958,1695.682409924825,2235.426733828878
2023-08-10,1956.4299963524638,1672.4068731221362,2243.211171666205
2023-08-11,1965.6927192190637,1686.2179515895193,2223.2757592881967
2023-08-18,1990.791455191454,1700.832428827916,2285.9277814036755
2023-08-21,1993.15324617034,1720.6967586813016,2265.0912260685263
2023-08-22,1991.206102706105,1701.597202457074,2263.7078999070113
2023-08-24,1988.0818971635783,1702.7060068251883,2264.649411272332
2023-08-25,1990.5518707328733,1738.1552859014366,2264.7666542049983
2023-08-28,1986.4448846069065,1700.6544205663429,2276.196723531094
2023-09-04,1981.4084993913975,1696.6357939094646,2251.6077598287543
2023-09-05,1980.2512004460382,1716.8319943749,2275.4974245065146
2023-09-19,2029.6699807573382,1737.1867213228895,2332.509325627031
2023-09-20,2035.441893826453,1759.9902701838491,2322.040468600677
2023-09-21,2037.17388640755,1764.9708089602962,2320.08518824775
2023-09-22,2045.0283758960995,1747.2582916113254,2306.3879787426376
2023-09-25,2055.7473363803347,1768.997630469952,2337.1595844698186
2023-09-27,2059.89609217266,1781.1221328760648,2338.6992513046775
2023-09-29,2063.416506290893,1768.3443070902329,2355.5963269087615
2023-10-04,2059.7214918962454,1770.2164279792096,2328.922744157158
2023-10-05,2054.775845921064,1769.2830466946139,2323.438557751841
2023-10-06,2055.766182404851,1762.400301893122,2342.0294888193193
2023-10-09,2045.9250652484882,1780.317308404284,2331.057080467101
2023-10-10,2040.3647515442817,1762.8012821196965,2315.6077421774726
2023-10-11,2037.5309816391434,1751.87777508023,2322.1911325545993
2023-10-13,2030.415603119472,1754.0760265019514,2319.9842608680856
2023-10-16,2019.3484756767286,1749.2554513344166,2317.2695564838345
2023-10-17,2014.3323385227227,1728.9314735936473,2296.46144760466
2023-10-18,2012.5002417983749,1743.4040076425485,2265.6761455289825
2023-10-26,2002.259806872055,1741.9922570444592,2289.761227106584
2023-10-27,2006.9719897690134,1725.3875866731646,2270.446721283664
2023-11-01,2017.0104190340114,1728.443196173078,2316.6098198842797
2023-11-02,2017.0160042499574,1739.4411146763166,2297.074116330668
2023-11-08,2035.8647605586716,1757.7157721058352,2323.9159604882507
2023-11-09,2035.0267448118736,1762.8093181920062,2323.7391693748705
2023-11-16,2037.608536152591,1765.652687588248,2317.565775994111
2023-11-17,2039.8088219965741,1756.387879366217,2326.235240300076
2023-11-20,2033.4130697976627,1749.928560077781,2314.180203682786
2023-11-21,2028.8703505061615,1762.8922167357632,2295.1014557914373
2023-11-23,2021.0323241597323,1752.865469437415,2309.189373006517
2023-11-24,2021.3757481387893,1744.0106616871165,2291.123091645264
2023-11-27,2011.7317649255137,1733.686633609367,2286.3540142788684
2023-11-28,2006.9616215807362,1750.6806788411525,2283.101564022513
2023-11-29,2005.2716775017818,1739.4529962718207,2275.444082231887
2023-11-30,2000.005117621696,1727.7475241609066,2270.4570135507292
2023-12-01,2001.4433155318352,1715.2797737953654,2254.3285014960848
2023-12-04,1997.4300387608832,1741.0300214206923,2274.9420257944994
2023-12-05,1995.19756983049,1710.8744484741164,2267.5510754951906
2023-12-06,1996.2982050379671,1711.8039319147474,2278.857188366369
2023-12-07,1994.0206526135107,1711.3182169604027,2252.1251978569603
2023-12-11,2004.1932954005722,1706.041234579449,2269.8293479761473
2023-12-12,2005.0399513091115,1743.2348020625295,2277.8270717575274
2023-12-13,2009.0586119728393,1746.8067052428912,2286.59619890899
2023-12-14,2009.4846843279024,1738.7399897732125,2282.109112681001
2023-12-18,2027.4592686423653,1743.624359676824,2306.4911681083445
2023-12-20,2034.0080506240338,1761.137757076335,2311.510547606887
2023-12-21,2034.6748908552593,1752.8746121066501,2307.1050235287576
2023-12-26,2050.1775841936033,1773.8252360077192,2338.3754820669974
2023-12-27,2053.045201903586,1785.8468259636968,2332.980592617906
2023-12-28,2051.7015912801685,1782.1489324588592,2333.173836219694
2023-12-29,2056.37351385851,1775.411483093327,2328.1524902661226
2024-01-03,2056.1069211439126,1766.9405421137408,2326.5499443576423
2024-01-04,2052.549816707867,1767.6275650630032,2323.0522774744095
2024-01-05,2055.1474642805865,1766.4859290712584,2336.532312649623
2024-01-08,2051.2360297816135,1790.395037672267,2324.429849924097
2024-01-09,2047.924827022212,1776.1115659792952,2321.67752314561
2024-01-10,2047.414617275895,1770.2910427539282,2316.5389368275305
2024-01-11,2043.0182255609095,1750.3829778361937,2303.7091518521947
2024-01-12,2044.98843121543,1774.2606148637578,2327.14374641116
2024-01-18,2032.4104859072572,1755.8478410978757,2317.249736174582
2024-01-19,2034.600491227937,1756.645323572607,2303.0412429990233
2024-01-22,2030.4680256333686,1738.8863049233726,2315.8754689389802
2024-01-23,2027.2519020741156,1744.4231924007975,2298.387685597735
2024-01-24,2026.8402391747863,1768.000643696003,2327.3437014788956
2024-01-29,2018.9419209231348,1739.7310974710272,2288.0812117346904
2024-01-31,2013.972487066827,1752.8908282552884,2311.000533632265
2024-02-01,2008.901411957859,1750.980486393869,2293.1117840706293
2024-02-02,2010.1161710165943,1753.8130489252878,2277.5915528237306
2024-02-05,2002.7396974724115,1746.0507352066302,2269.606926838909
2024-02-06,1998.4940433501117,1720.4310345126626,2300.391265305861
2024-02-07,1997.1709313754943,1723.2473820965545,2275.33386593321
2024-02-08,1992.0991136560262,1706.577777975219,2274.1793779224568
2024-02-09,1993.5530983382364,1697.2172400694967,2266.429024190481
2024-02-10,1999.8272750706587,1723.3549003271316,2262.7012001684952
2024-02-12,1988.5565700638026,1724.0475376290908,2270.281684386722
2024-02-13,1985.7018956515444,1709.0968689830609,2254.669466247093
2024-02-14,1986.0728133375733,1712.7324984536767,2249.636502305009
2024-02-15,1982.9891843256646,1713.4015575078545,2263.391584666377
2024-02-16,1986.7087866815236,1706.0431406927935,2259.3336077133085
2024-02-19,1989.8925992788709,1720.6711682032221,2292.8604141049486
2024-02-22,1993.7109232018383,1731.0490331339308,2286.4563275983414
2024-02-23,2000.5853174807044,1718.7944228283595,2272.648275380543
2024-02-26,2012.4917456272813,1730.9554005009588,2289.45972877354
2024-02-27,2015.162478096637,1739.006199254251,2276.9797040502826
2024-02-28,2020.8346248749974,1752.2960698392346,2301.1881553559847
2024-02-29,2022.726013388365,1742.290135397171,2322.318966570489
2024-03-01,2030.995567808254,1738.4400542154679,2341.1692631477245
2024-03-04,2044.3867982688841,1783.20149968805,2329.2509180782367
2024-03-07,2051.8046450333686,1760.3587185426065,2329.9263926951135
2024-03-14,2060.795698608761,1784.6673071945036,2340.6842240794167
2024-03-19,2053.8801858286074,1771.4262624796056,2317.4776155779386
2024-03-20,2052.126079110954,1754.401139487745,2343.9526729285335
2024-03-21,2046.2979675910008,1772.6637456844953,2324.5846537979332
2024-04-29,2086.1924197570406,1800.8408424942684,2359.1071552171766
2024-04-30,2084.6326521767796,1814.6502075212027,2372.4455698370325
2024-05-06,2082.3180562737766,1810.622111653753,2358.717606689253
2024-05-07,2079.1255200002197,1803.1774917828056,2369.3415516998034
2024-05-08,2078.657858092952,1816.4992559543,2380.4189335479537
2024-05-09,2074.2278283482965,1812.5221887156156,2355.7066790974304
2024-05-24,2056.6528925957773,1775.745133804293,2334.36156508532
2024-05-29,2057.554198034227,1760.4482649831855,2314.714221917248
2024-05-30,2056.0418631969633,1788.8387085164609,2320.3043557271944
2024-05-31,2061.263829726195,1759.6817962241614,2350.5429259935613
2024-06-01,2071.4836366135687,1812.4126510004787,2340.7056126758716
2024-06-02,1981.8562652881294,1711.0107143340329,2268.8927643094667
2024-06-03,2068.5007303598745,1800.4330871792984,2342.980930067704
2024-06-04,2069.9153062395144,1794.6344775130447,2351.1658262004635
2024-06-05,2074.5885114336256,1801.5070791851392,2351.9368385647426
2024-06-06,2075.801792366564,1785.1689516390447,2360.790799849551
2024-06-07,2083.7748189959498,1834.3768810553788,2343.7015679104197
2024-06-10,2099.0932864201836,1809.959961394829,2376.86585531579
2024-06-11,2103.0218986031173,1820.0822877708697,2399.1163065133774
2024-06-12,2110.052580982108,1826.0390730698043,2386.5701414963532
2024-06-13,2113.4250472566755,1837.9861839599334,2382.1207900596282
2024-06-14,2123.317222421976,1840.0956712629306,2404.1131092755177
2024-06-18,2147.0575400226303,1874.5501136770545,2434.703327189502
2024-06-19,2154.246493786199,1891.6437494167683,2427.440599692575
2024-06-21,2166.4989661898676,1888.317212644912,2434.744607149256
2024-07-04,2186.2654750947577,1904.9262695395253,2497.9687020555734
2024-07-05,2187.3482974134354,1922.6494259543817,2456.311726902625
2024-07-13,2164.803629963479,1859.6604414668113,2440.3663894995534
2024-07-15,2149.0501153035025,1873.5595944214374,2431.2650021789623
2024-07-18,2137.1526284834317,1843.2640595105104,2422.095373145429
2024-07-19,2139.0204805384137,1855.339414282731,2417.1708241186666
2024-07-22,2137.8634161599175,1861.0046306639317,2412.2247033296026
2024-07-23,2137.107738572143,1865.545449069034,2402.8967693956033
2024-07-31,2170.7507300579095,1900.7243101963438,2450.8426142684793
2024-08-01,2174.3491322180334,1870.5962473337074,2455.313031897231
2024-08-02,2184.5993050202737,1912.0754429326462,2469.9886882153237
2024-08-12,2247.762586030487,1963.2896101346323,2544.627095317617
2024-08-13,2250.2830283069625,1958.504523970685,2520.6319163159324
2024-08-14,2255.096222595206,1970.8082034204517,2532.927524764418
2024-08-16,2261.63226911419,2025.1131525296385,2538.4765838388307
2024-08-20,2264.5859960855128,1981.9698341587973,2565.7983467756626
2024-08-21,2265.6001070888733,1991.0171639549308,2561.9491828981672
2024-08-22,2262.359337617472,2001.1590985348632,2554.636014442232
2024-08-23,2265.154962030106,1987.1361035740024,2524.707894945819
2024-08-28,2257.923457426123,1994.5711141629097,2532.1946138486664
2024-08-29,2253.82526559383,1975.861249613889,2528.5291988687327
2024-08-30,2256.265604678161,1977.0788138657683,2531.3984529129916
2024-09-03,2252.7781919388076,1968.3894415484597,2521.7076894350225
2024-09-05,2252.5458364064084,1971.89241320907,2526.9037826339186
2024-09-06,2257.557133645026,1986.313628540623,2536.157697409923
2024-09-11,2270.757786753254,2006.134900926179,2566.8329204149945
2024-09-19,2304.739136649475,2028.3832548990022,2567.6394031679206
2024-09-20,2312.8957912635396,2040.442461875782,2589.490320307766
2024-09-24,2326.4595344511786,2071.428729250618,2618.1077447001694
2024-09-27,2335.2215764818893,2065.7741918266074,2608.850592823227
2024-09-30,2337.2086681092037,2048.317877611387,2605.864187312786
2024-10-07,2323.599888035266,2043.4897846778945,2610.847924073702
2024-10-09,2315.638762617916,2015.4507607611638,2606.6408269358926
2024-10-15,2291.6600896610935,2008.5513457838133,2577.5592254154735
2024-10-16,2289.4266555960785,2022.6499346294022,2577.5675415417563
2024-10-25,2278.8757422104795,2004.6965158176351,2538.1267221071707
2024-10-28,2283.153629468019,2008.517269017735,2553.5488817807227
2024-11-06,2306.2613010221817,2023.1363129430704,2611.066554779984
2024-11-08,2311.400806655435,2026.2269732678171,2600.323582722446
2024-11-22,2298.6605510550435,2016.925947807356,2581.5212678200983
2024-12-02,2271.884756553557,1999.7795053461264,2535.0193289636914
2024-12-04,2269.58030869032,1967.5060457038649,2568.8760195697246
2024-12-05,2266.703869796866,1978.6977106268441,2548.057941419734
2024-12-06,2270.6793723958426,1997.2107189259334,2543.3624812078415
2024-12-09,2274.6601149473627,2012.5298711938838,2572.559025043693
2024-12-10,2275.0489543130066,2000.3801888216062,2587.7120901361054
2024-12-11,2278.665833470841,1987.0788138406717,2559.824435016226
2024-12-16,2296.0820810622686,2014.95846000512,2562.7467232291538
2024-12-17,2297.993498040769,2029.5224318942096,2566.8588275842258
2024-12-19,2303.579393684914,2014.068620867646,2592.9256284445464
2024-12-20,2310.657839306982,2027.9616711013853,2596.3223932909277
2024-12-24,2320.6949641456345,2034.4106758979847,2603.9201743065846
2024-12-26,2323.086999964674,2031.677087305969,2595.9880198162664
2024-12-30,2330.6996187913164,2053.903375975786,2602.661565419763
2024-12-31,2329.0570534363223,2046.1841253733123,2597.387398734626
2025-01-03,2329.594832097292,2060.1180294588785,2613.577109027884
2025-01-07,2323.0642912098374,2018.12703268121,2587.783561730316
2025-01-08,2322.6279465053376,2052.36875758783,2590.0548389166925
2025-01-09,2318.2716588583125,2028.3246732211667,2588.907855317958
2025-01-21,2302.2785867611196,2023.7499006356938,2581.780493352195
2025-01-22,2301.929116288348,2004.7111499149594,2574.2887166355968
2025-01-23,2297.6747994086036,2035.5499913950378,2575.043467308787
2025-01-27,2294.6144914234287,2016.007076362045,2582.1667087130163
2025-01-28,2290.9008824302637,1992.5542463580655,2564.489994113816
2025-01-29,2289.9285392258794,1999.4962693561354,2560.9425951228045
2025-01-30,2284.986296743034,2023.4202214375498,2570.4672183092957
2025-01-31,2286.3120331655905,1977.7876256066131,2562.7101098732983
2025-02-01,2292.168048274661,2007.6596944021846,2552.907891489618
2025-02-03,2279.0924358306424,1988.4655992504113,2569.8495534776503
2025-02-04,2274.8192765908443,1977.5991167225245,2574.381963923273
2025-02-06,2268.219034587727,1988.4773489178394,2533.382660136598
2025-02-07,2269.4885108793583,1978.361838336578,2559.2521866568545
2025-02-10,2263.597778132985,1984.2452204500173,2546.147034959203
2025-02-13,2256.6693504552154,1975.7382502050054,2552.5513546929965
2025-02-14,2259.8547382392753,1981.49199812877,2553.4150353425566
2025-02-17,2261.3081076733333,1988.694629367269,2541.2592899075744
2025-02-18,2260.9268356129037,1988.542229048527,2543.4598477204117
2025-02-19,2263.871816297728,1982.3243028945903,2543.4740387358884
2025-02-20,2263.4196435394015,1975.3027255104487,2525.136533837311
2025-02-21,2269.781631205762,1973.8278647836783,2533.9970142340344
2025-02-25,2282.866919937337,1996.194964617812,2566.4418849650674
2025-02-26,2288.3476165675906,2009.2690692265048,2580.098147934512
2025-02-27,2290.132487388895,1999.3981542786103,2560.898332705618
2025-02-28,2298.383878007726,2029.6310147964703,2583.3540997423524
2025-03-01,2311.2800590892994,2020.3471690583317,2592.9613300521705
2025-03-03,2312.25814436764,2031.4110756420014,2591.661026503107
2025-03-04,2314.801394768736,2033.0354779944194,2578.134818693969
2025-03-06,2320.9040840450957,2030.5544713749603,2588.6856325480653
2025-03-10,2335.244450153604,2056.3962133543414,2598.382841839691
2025-03-11,2334.885414234237,2056.0653921435783,2601.284689499817
2025-03-13,2334.3839630961775,2038.918435670407,2622.6820284622913
2025-03-14,2337.7613169889,2059.6531641956476,2596.7263396291587
2025-03-15,2345.2360283948674,2054.987989841912,2632.235573245309
2025-03-17,2334.136910475673,2058.4927189770474,2630.249418068111
2025-03-18,2330.250049584667,2042.6923328337796,2595.4453248292957
2025-03-19,2328.860059156769,2049.1617590642377,2597.3099731615494
2025-03-20,2323.313401890392,2048.5411608178665,2607.8495847289096
2025-03-21,2323.9055510960584,2032.079979084208,2600.914171731141
2025-03-22,2328.9547905214163,2069.426457293588,2600.920666129176
2025-03-23,2233.6761682697606,1945.2668714396298,2505.642105510075
2025-03-24,2314.253177661985,2043.6168561901839,2586.5042494057043
2025-03-25,2309.252062459819,2015.2026560463512,2590.3493209311646
2025-03-26,2307.231882808182,2043.9903695482087,2573.8806064427345
2025-03-27,2301.546296835305,2018.1720110247943,2576.846232383775
2025-03-28,2302.4879816291586,2034.5164147405624,2583.0114987415986
2025-03-29,2308.362606247649,2022.4747698421259,2577.5461446257223
2025-03-30,2214.3631764113493,1956.944002231325,2499.6307749304133
2025-03-31,2296.642311931522,2014.7637234666176,2564.841712584535
2025-04-01,2293.7273375928276,2004.3867802126806,2585.815035212303
2025-04-02,2294.1313027303195,2012.68040138337,2562.8774636199946
2025-04-03,2291.1558594953394,2018.9751297776031,2585.598540521492
2025-04-04,2295.036895416592,2018.8855349268995,2566.5765783475313
2025-04-05,2304.0198024069505,2025.6405784117976,2588.2853213927237
2025-04-06,2213.2351697577983,1938.8991059806071,2493.686054034211
2025-04-07,2298.772429309799,2020.467355514903,2560.9248293795094
2025-04-08,2299.096300755444,2024.9096574272412,2559.9383752214458
2025-04-09,2302.6591204710658,2009.8279337116446,2566.2594180164324
2025-04-10,2302.7049537727203,2032.2936216294536,2575.6116211226827
2025-04-11,2309.4163585728356,2029.106344167695,2573.862921855018
2025-04-12,2320.990658109526,2036.978137042328,2592.642438935421
2025-04-13,2232.5164895435314,1940.753192983523,2498.652529100892
2025-04-14,2320.0481400498293,2044.049184314502,2621.7578211589625
2025-04-15,2322.022506357096,2051.5474638656715,2612.3921328473907
2025-04-16,2326.871753896623,2053.3240030629236,2616.952313820376
2025-04-17,2327.827573088571,2025.3081401933543,2594.105971914332
2025-04-18,2335.06790320745,2071.805169303322,2612.945496766964
2025-04-19,2346.792988621965,2074.3975069344015,2631.266951340482
2025-04-20,2258.1015457010503,1979.56897989157,2545.1939591329756
2025-04-21,2345.064567475598,2056.296978493975,2637.5294207761935
2025-04-22,2346.141620930141,2074.576278921184,2630.129461547928
2025-04-23,2349.7927348833873,2084.629167628846,2618.087171902958
2025-04-24,2349.281799982332,2067.7343849381527,2624.1528747809693
2025-04-25,2354.82237676114,2064.9930424464037,2648.347409136965
2025-04-26,2364.652802822482,2081.5364233323935,2642.016146290378
2025-04-27,2273.9114037198674,1996.5412771032995,2565.0320414318376
2025-04-28,2358.7093601990628,2079.209470326627,2640.4600365551864
2025-04-29,2357.5461108309796,2080.145346437362,2636.6774586840847
2025-04-30,2358.9204100898105,2096.6885107491134,2643.749395697472
2025-05-01,2356.132982863239,2071.193083662027,2636.1758037940904
2025-05-02,2359.431687676865,2062.308854192672,2623.9964798518245
2025-05-03,2367.086092516097,2098.175105309621,2657.7620635975595
2025-05-04,2274.26227682952,2006.8098660277335,2573.4437988768727
2025-05-05,2357.095417427942,2077.67318439026,2636.430756442339
2025-05-06,2354.1050383286897,2083.2705935668832,2640.945181244941
2025-05-07,2353.8060416842063,2075.0966092616704,2631.9455539991745
2025-05-08,2349.5114540843133,2050.7909441401725,2605.533092546577
2025-05-09,2351.477790352756,2066.939229313436,2624.0847667969015
2025-05-10,2357.979925465037,2074.7343771251817,2631.0683305792313
2025-05-11,2264.1862723226996,1962.8200583373684,2538.7351829428635
2025-05-12,2346.2318051705724,2065.459645004527,2622.3158079552413
2025-05-13,2342.6337893431896,2065.818868864877,2626.7818640340574
2025-05-14,2341.9033142832886,2049.183490628964,2631.80045580084
2025-05-15,2337.3485437710383,2055.244251993551,2611.099808254758
2025-05-16,2339.22056562933,2053.429452152266,2610.4825856051802
2025-05-17,2345.788712794647,2081.9064338855023,2635.7327024371707
2025-05-18,2252.2161364758745,1964.3349554706597,2519.4591533417924
2025-05-19,2334.6331564189754,2072.7605277634616,2612.99185412897
2025-05-20,2331.5532369128223,2040.100989690347,2593.630136824751
2025-05-21,2331.4846765054854,2042.3657479226356,2625.69593407832
2025-05-22,2327.7339197748447,2042.4683428754943,2613.4625311038785
2025-05-23,2330.551371336327,2036.2185874457316,2601.848636058686
2025-05-24,2338.206585515154,2050.7531116105433,2610.905793604887
2025-05-25,2245.863617466227,1939.6189469782992,2507.7606711925714
2025-05-26,2329.6540692314234,2069.353318223278,2607.9007996807677
2025-05-27,2328.092690935844,2059.3546191196037,2628.2244512108336
2025-05-28,2329.688639443451,2069.265697183649,2596.9274067378883
2025-05-29,2327.7483194543092,2040.6642193285008,2611.617287079754
2025-05-30,2332.5207056715103,2048.7508624362686,2624.734222560633
2025-05-31,2342.272039104516,2067.651435734697,2635.509832195217
2025-06-01,2252.1607035256043,1961.8210030372452,2529.136298222797
2025-06-02,2338.309835747503,2067.771224318345,2623.1671285476937
2025-06-03,2339.22254939311,2048.257354492812,2606.7228704725158
2025-06-04,2343.3928926154886,2066.7234949088506,2634.4882561539553
2025-06-05,2344.1084809592685,2075.648617387165,2620.6158146985067
2025-06-06,2351.595717708816,2074.0250994446164,2631.9996323416476
2025-06-07,2364.094505563028,2077.4703795620503,2659.5359862171263
2025-06-08,2276.7332630642336,2008.0589414018775,2550.120128180445
2025-06-09,2365.6018032017514,2082.0509373160676,2643.1022002710824
2025-06-10,2369.1669537671783,2072.036566873357,2647.377310771371
2025-06-11,2375.8840358747375,2082.534989496298,2658.0055421450156
2025-06-12,2379.0001338731886,2090.4698001090874,2657.797864223437
2025-06-13,2388.7000572605098,2104.2774945841356,2676.9061161263353
2025-06-14,2403.1818831632872,2131.0842142460624,2694.870095435316
2025-06-15,2317.5328743648147,2040.935788685164,2593.4347670582406
